v4_2,LCL,UCL,yyyy-qq,Time,uk-only,Geography,measure-of-wellbeing,MeasureOfWellbeing,wellbeing-estimate,Estimate,seasonal-adjustment,SeasonalAdjustment
7.50,,,2023-q1,2023 Q1,K02000001,United Kingdom,life-satisfaction,Life satisfaction,average-mean,Average (mean),seasonal-adjustment,Seasonally adjusted
16.30,15.4,17.2,2023-q1,2023 Q1,K02000001,United Kingdom,life-satisfaction,Life satisfaction,fair,Fair,non-seasonal-adjustment,Non-seasonally adjusted
54.10,53.0,55.3,2023-q1,2023 Q1,K02000001,United Kingdom,life-satisfaction,Life satisfaction,good,Good,non-seasonal-adjustment,Non-seasonally adjusted
23.70,22.8,24.7,2023-q1,2023 Q1,K02000001,United Kingdom,life-satisfaction,Life satisfaction,very-good,Very good,non-seasonal-adjustment,Non-seasonally adjusted
17.30,,,2023-q1,2023 Q1,K02000001,United Kingdom,happiness,Happiness,fair,Fair,seasonal-adjustment,Seasonally adjusted
54.20,,,2023-q1,2023 Q1,K02000001,United Kingdom,life-satisfaction,Life satisfaction,good,Good,seasonal-adjustment,Seasonally adjusted
13.30,,,2023-q1,2023 Q1,K02000001,United Kingdom,worthwhile,Worthwhile,fair,Fair,seasonal-adjustment,Seasonally adjusted
7.70,,,2023-q1,2023 Q1,K02000001,United Kingdom,worthwhile,Worthwhile,average-mean,Average (mean),seasonal-adjustment,Seasonally adjusted
17.80,16.9,18.7,2023-q1,2023 Q1,K02000001,United Kingdom,happiness,Happiness,fair,Fair,non-seasonal-adjustment,Non-seasonally adjusted
43.00,42.0,44.1,2023-q1,2023 Q1,K02000001,United Kingdom,happiness,Happiness,good,Good,non-seasonal-adjustment,Non-seasonally adjusted
32.50,,,2023-q1,2023 Q1,K02000001,United Kingdom,worthwhile,Worthwhile,very-good,Very good,seasonal-adjustment,Seasonally adjusted
18.30,,,2023-q1,2023 Q1,K02000001,United Kingdom,anxiety,Anxiety,fair,Fair,seasonal-adjustment,Seasonally adjusted
7.70,7.7,7.8,2023-q1,2023 Q1,K02000001,United Kingdom,worthwhile,Worthwhile,average-mean,Average (mean),non-seasonal-adjustment,Non-seasonally adjusted
7.30,7.3,7.4,2023-q1,2023 Q1,K02000001,United Kingdom,happiness,Happiness,average-mean,Average (mean),non-seasonal-adjustment,Non-seasonally adjusted
4.60,,,2023-q1,2023 Q1,K02000001,United Kingdom,worthwhile,Worthwhile,poor,Poor,seasonal-adjustment,Seasonally adjusted
32.10,31.0,33.1,2023-q1,2023 Q1,K02000001,United Kingdom,worthwhile,Worthwhile,very-good,Very good,non-seasonal-adjustment,Non-seasonally adjusted
18.30,17.4,19.2,2023-q1,2023 Q1,K02000001,United Kingdom,anxiety,Anxiety,fair,Fair,non-seasonal-adjustment,Non-seasonally adjusted
24.60,23.7,25.6,2023-q1,2023 Q1,K02000001,United Kingdom,anxiety,Anxiety,good,Good,non-seasonal-adjustment,Non-seasonally adjusted
30.00,29.0,31.0,2023-q1,2023 Q1,K02000001,United Kingdom,happiness,Happiness,very-good,Very good,non-seasonal-adjustment,Non-seasonally adjusted
9.20,8.5,9.9,2023-q1,2023 Q1,K02000001,United Kingdom,happiness,Happiness,poor,Poor,non-seasonal-adjustment,Non-seasonally adjusted
4.60,4.1,5.1,2023-q1,2023 Q1,K02000001,United Kingdom,worthwhile,Worthwhile,poor,Poor,non-seasonal-adjustment,Non-seasonally adjusted
13.30,12.5,14.1,2023-q1,2023 Q1,K02000001,United Kingdom,worthwhile,Worthwhile,fair,Fair,non-seasonal-adjustment,Non-seasonally adjusted
16.10,,,2023-q1,2023 Q1,K02000001,United Kingdom,life-satisfaction,Life satisfaction,fair,Fair,seasonal-adjustment,Seasonally adjusted
33.30,32.3,34.3,2023-q1,2023 Q1,K02000001,United Kingdom,anxiety,Anxiety,very-good,Very good,non-seasonal-adjustment,Non-seasonally adjusted
33.90,,,2023-q1,2023 Q1,K02000001,United Kingdom,anxiety,Anxiety,very-good,Very good,seasonal-adjustment,Seasonally adjusted
23.80,22.8,24.8,2023-q1,2023 Q1,K02000001,United Kingdom,anxiety,Anxiety,poor,Poor,non-seasonal-adjustment,Non-seasonally adjusted
7.40,,,2023-q1,2023 Q1,K02000001,United Kingdom,happiness,Happiness,average-mean,Average (mean),seasonal-adjustment,Seasonally adjusted
9.00,,,2023-q1,2023 Q1,K02000001,United Kingdom,happiness,Happiness,poor,Poor,seasonal-adjustment,Seasonally adjusted
24.60,,,2023-q1,2023 Q1,K02000001,United Kingdom,anxiety,Anxiety,good,Good,seasonal-adjustment,Seasonally adjusted
50.00,,,2023-q1,2023 Q1,K02000001,United Kingdom,worthwhile,Worthwhile,good,Good,seasonal-adjustment,Seasonally adjusted
23.90,,,2023-q1,2023 Q1,K02000001,United Kingdom,life-satisfaction,Life satisfaction,very-good,Very good,seasonal-adjustment,Seasonally adjusted
42.80,,,2023-q1,2023 Q1,K02000001,United Kingdom,happiness,Happiness,good,Good,seasonal-adjustment,Seasonally adjusted
30.80,,,2023-q1,2023 Q1,K02000001,United Kingdom,happiness,Happiness,very-good,Very good,seasonal-adjustment,Seasonally adjusted
50.00,48.9,51.2,2023-q1,2023 Q1,K02000001,United Kingdom,worthwhile,Worthwhile,good,Good,non-seasonal-adjustment,Non-seasonally adjusted
5.80,,,2023-q1,2023 Q1,K02000001,United Kingdom,life-satisfaction,Life satisfaction,poor,Poor,seasonal-adjustment,Seasonally adjusted
7.40,7.4,7.5,2023-q1,2023 Q1,K02000001,United Kingdom,life-satisfaction,Life satisfaction,average-mean,Average (mean),non-seasonal-adjustment,Non-seasonally adjusted
5.80,5.3,6.3,2023-q1,2023 Q1,K02000001,United Kingdom,life-satisfaction,Life satisfaction,poor,Poor,non-seasonal-adjustment,Non-seasonally adjusted
3.30,3.2,3.3,2023-q1,2023 Q1,K02000001,United Kingdom,anxiety,Anxiety,average-mean,Average (mean),non-seasonal-adjustment,Non-seasonally adjusted
3.20,,,2023-q1,2023 Q1,K02000001,United Kingdom,anxiety,Anxiety,average-mean,Average (mean),seasonal-adjustment,Seasonally adjusted
23.20,,,2023-q1,2023 Q1,K02000001,United Kingdom,anxiety,Anxiety,poor,Poor,seasonal-adjustment,Seasonally adjusted
48.80,48.0,49.5,2016-q4,2016 Q4,K02000001,United Kingdom,worthwhile,Worthwhile,good,Good,non-seasonal-adjustment,Non-seasonally adjusted
7.90,,,2016-q4,2016 Q4,K02000001,United Kingdom,worthwhile,Worthwhile,average-mean,Average (mean),seasonal-adjustment,Seasonally adjusted
24.40,23.8,25.0,2016-q4,2016 Q4,K02000001,United Kingdom,anxiety,Anxiety,good,Good,non-seasonal-adjustment,Non-seasonally adjusted
16.30,15.8,16.8,2016-q4,2016 Q4,K02000001,United Kingdom,anxiety,Anxiety,fair,Fair,non-seasonal-adjustment,Non-seasonally adjusted
16.30,,,2016-q4,2016 Q4,K02000001,United Kingdom,anxiety,Anxiety,fair,Fair,seasonal-adjustment,Seasonally adjusted
29.30,28.7,30.0,2016-q4,2016 Q4,K02000001,United Kingdom,life-satisfaction,Life satisfaction,very-good,Very good,non-seasonal-adjustment,Non-seasonally adjusted
7.70,7.6,7.7,2016-q4,2016 Q4,K02000001,United Kingdom,life-satisfaction,Life satisfaction,average-mean,Average (mean),non-seasonal-adjustment,Non-seasonally adjusted
2.90,2.9,3.0,2016-q4,2016 Q4,K02000001,United Kingdom,anxiety,Anxiety,average-mean,Average (mean),non-seasonal-adjustment,Non-seasonally adjusted
20.40,19.8,20.9,2016-q4,2016 Q4,K02000001,United Kingdom,anxiety,Anxiety,poor,Poor,non-seasonal-adjustment,Non-seasonally adjusted
7.50,7.4,7.5,2016-q4,2016 Q4,K02000001,United Kingdom,happiness,Happiness,average-mean,Average (mean),non-seasonal-adjustment,Non-seasonally adjusted
20.10,,,2016-q4,2016 Q4,K02000001,United Kingdom,anxiety,Anxiety,poor,Poor,seasonal-adjustment,Seasonally adjusted
35.40,,,2016-q4,2016 Q4,K02000001,United Kingdom,worthwhile,Worthwhile,very-good,Very good,seasonal-adjustment,Seasonally adjusted
52.40,51.7,53.1,2016-q4,2016 Q4,K02000001,United Kingdom,life-satisfaction,Life satisfaction,good,Good,non-seasonal-adjustment,Non-seasonally adjusted
16.10,,,2016-q4,2016 Q4,K02000001,United Kingdom,happiness,Happiness,fair,Fair,seasonal-adjustment,Seasonally adjusted
40.90,,,2016-q4,2016 Q4,K02000001,United Kingdom,happiness,Happiness,good,Good,seasonal-adjustment,Seasonally adjusted
34.50,,,2016-q4,2016 Q4,K02000001,United Kingdom,happiness,Happiness,very-good,Very good,seasonal-adjustment,Seasonally adjusted
4.40,4.1,4.7,2016-q4,2016 Q4,K02000001,United Kingdom,life-satisfaction,Life satisfaction,poor,Poor,non-seasonal-adjustment,Non-seasonally adjusted
35.00,34.3,35.7,2016-q4,2016 Q4,K02000001,United Kingdom,worthwhile,Worthwhile,very-good,Very good,non-seasonal-adjustment,Non-seasonally adjusted
3.70,3.4,4.0,2016-q4,2016 Q4,K02000001,United Kingdom,worthwhile,Worthwhile,poor,Poor,non-seasonal-adjustment,Non-seasonally adjusted
12.50,12.0,13.0,2016-q4,2016 Q4,K02000001,United Kingdom,worthwhile,Worthwhile,fair,Fair,non-seasonal-adjustment,Non-seasonally adjusted
33.40,32.8,34.1,2016-q4,2016 Q4,K02000001,United Kingdom,happiness,Happiness,very-good,Very good,non-seasonal-adjustment,Non-seasonally adjusted
7.70,,,2016-q4,2016 Q4,K02000001,United Kingdom,life-satisfaction,Life satisfaction,average-mean,Average (mean),seasonal-adjustment,Seasonally adjusted
52.30,,,2016-q4,2016 Q4,K02000001,United Kingdom,life-satisfaction,Life satisfaction,good,Good,seasonal-adjustment,Seasonally adjusted
7.80,7.8,7.9,2016-q4,2016 Q4,K02000001,United Kingdom,worthwhile,Worthwhile,average-mean,Average (mean),non-seasonal-adjustment,Non-seasonally adjusted
38.90,38.2,39.6,2016-q4,2016 Q4,K02000001,United Kingdom,anxiety,Anxiety,very-good,Very good,non-seasonal-adjustment,Non-seasonally adjusted
8.50,,,2016-q4,2016 Q4,K02000001,United Kingdom,happiness,Happiness,poor,Poor,seasonal-adjustment,Seasonally adjusted
13.80,13.4,14.3,2016-q4,2016 Q4,K02000001,United Kingdom,life-satisfaction,Life satisfaction,fair,Fair,non-seasonal-adjustment,Non-seasonally adjusted
24.40,,,2016-q4,2016 Q4,K02000001,United Kingdom,anxiety,Anxiety,good,Good,seasonal-adjustment,Seasonally adjusted
7.50,,,2016-q4,2016 Q4,K02000001,United Kingdom,happiness,Happiness,average-mean,Average (mean),seasonal-adjustment,Seasonally adjusted
2.90,,,2016-q4,2016 Q4,K02000001,United Kingdom,anxiety,Anxiety,average-mean,Average (mean),seasonal-adjustment,Seasonally adjusted
39.70,,,2016-q4,2016 Q4,K02000001,United Kingdom,anxiety,Anxiety,very-good,Very good,seasonal-adjustment,Seasonally adjusted
12.50,,,2016-q4,2016 Q4,K02000001,United Kingdom,worthwhile,Worthwhile,fair,Fair,seasonal-adjustment,Seasonally adjusted
3.70,,,2016-q4,2016 Q4,K02000001,United Kingdom,worthwhile,Worthwhile,poor,Poor,seasonal-adjustment,Seasonally adjusted
48.80,,,2016-q4,2016 Q4,K02000001,United Kingdom,worthwhile,Worthwhile,good,Good,seasonal-adjustment,Seasonally adjusted
16.50,16.0,17.0,2016-q4,2016 Q4,K02000001,United Kingdom,happiness,Happiness,fair,Fair,non-seasonal-adjustment,Non-seasonally adjusted
13.80,,,2016-q4,2016 Q4,K02000001,United Kingdom,life-satisfaction,Life satisfaction,fair,Fair,seasonal-adjustment,Seasonally adjusted
29.80,,,2016-q4,2016 Q4,K02000001,United Kingdom,life-satisfaction,Life satisfaction,very-good,Very good,seasonal-adjustment,Seasonally adjusted
4.40,,,2016-q4,2016 Q4,K02000001,United Kingdom,life-satisfaction,Life satisfaction,poor,Poor,seasonal-adjustment,Seasonally adjusted
41.10,40.5,41.8,2016-q4,2016 Q4,K02000001,United Kingdom,happiness,Happiness,good,Good,non-seasonal-adjustment,Non-seasonally adjusted
8.90,8.5,9.3,2016-q4,2016 Q4,K02000001,United Kingdom,happiness,Happiness,poor,Poor,non-seasonal-adjustment,Non-seasonally adjusted
3.90,3.7,4.2,2014-q4,2014 Q4,K02000001,United Kingdom,worthwhile,Worthwhile,poor,Poor,non-seasonal-adjustment,Non-seasonally adjusted
49.60,48.9,50.3,2014-q4,2014 Q4,K02000001,United Kingdom,worthwhile,Worthwhile,good,Good,non-seasonal-adjustment,Non-seasonally adjusted
2.80,,,2014-q4,2014 Q4,K02000001,United Kingdom,anxiety,Anxiety,average-mean,Average (mean),seasonal-adjustment,Seasonally adjusted
23.20,,,2014-q4,2014 Q4,K02000001,United Kingdom,anxiety,Anxiety,good,Good,seasonal-adjustment,Seasonally adjusted
40.20,,,2014-q4,2014 Q4,K02000001,United Kingdom,happiness,Happiness,good,Good,seasonal-adjustment,Seasonally adjusted
33.80,,,2014-q4,2014 Q4,K02000001,United Kingdom,happiness,Happiness,very-good,Very good,seasonal-adjustment,Seasonally adjusted
4.90,4.6,5.1,2014-q4,2014 Q4,K02000001,United Kingdom,life-satisfaction,Life satisfaction,poor,Poor,non-seasonal-adjustment,Non-seasonally adjusted
7.60,,,2014-q4,2014 Q4,K02000001,United Kingdom,life-satisfaction,Life satisfaction,average-mean,Average (mean),seasonal-adjustment,Seasonally adjusted
49.60,,,2014-q4,2014 Q4,K02000001,United Kingdom,worthwhile,Worthwhile,good,Good,seasonal-adjustment,Seasonally adjusted
17.10,,,2014-q4,2014 Q4,K02000001,United Kingdom,happiness,Happiness,fair,Fair,seasonal-adjustment,Seasonally adjusted
17.60,17.0,18.1,2014-q4,2014 Q4,K02000001,United Kingdom,happiness,Happiness,fair,Fair,non-seasonal-adjustment,Non-seasonally adjusted
7.40,7.4,7.4,2014-q4,2014 Q4,K02000001,United Kingdom,happiness,Happiness,average-mean,Average (mean),non-seasonal-adjustment,Non-seasonally adjusted
40.60,40.0,41.3,2014-q4,2014 Q4,K02000001,United Kingdom,anxiety,Anxiety,very-good,Very good,non-seasonal-adjustment,Non-seasonally adjusted
19.20,,,2014-q4,2014 Q4,K02000001,United Kingdom,anxiety,Anxiety,poor,Poor,seasonal-adjustment,Seasonally adjusted
9.00,,,2014-q4,2014 Q4,K02000001,United Kingdom,happiness,Happiness,poor,Poor,seasonal-adjustment,Seasonally adjusted
16.70,16.2,17.1,2014-q4,2014 Q4,K02000001,United Kingdom,anxiety,Anxiety,fair,Fair,non-seasonal-adjustment,Non-seasonally adjusted
7.60,7.6,7.6,2014-q4,2014 Q4,K02000001,United Kingdom,life-satisfaction,Life satisfaction,average-mean,Average (mean),non-seasonal-adjustment,Non-seasonally adjusted
40.40,39.8,41.1,2014-q4,2014 Q4,K02000001,United Kingdom,happiness,Happiness,good,Good,non-seasonal-adjustment,Non-seasonally adjusted
2.90,2.8,2.9,2014-q4,2014 Q4,K02000001,United Kingdom,anxiety,Anxiety,average-mean,Average (mean),non-seasonal-adjustment,Non-seasonally adjusted
51.90,51.2,52.6,2014-q4,2014 Q4,K02000001,United Kingdom,life-satisfaction,Life satisfaction,good,Good,non-seasonal-adjustment,Non-seasonally adjusted
14.90,,,2014-q4,2014 Q4,K02000001,United Kingdom,life-satisfaction,Life satisfaction,fair,Fair,seasonal-adjustment,Seasonally adjusted
7.40,,,2014-q4,2014 Q4,K02000001,United Kingdom,happiness,Happiness,average-mean,Average (mean),seasonal-adjustment,Seasonally adjusted
4.90,,,2014-q4,2014 Q4,K02000001,United Kingdom,life-satisfaction,Life satisfaction,poor,Poor,seasonal-adjustment,Seasonally adjusted
16.70,,,2014-q4,2014 Q4,K02000001,United Kingdom,anxiety,Anxiety,fair,Fair,seasonal-adjustment,Seasonally adjusted
28.20,27.6,28.8,2014-q4,2014 Q4,K02000001,United Kingdom,life-satisfaction,Life satisfaction,very-good,Very good,non-seasonal-adjustment,Non-seasonally adjusted
3.90,,,2014-q4,2014 Q4,K02000001,United Kingdom,worthwhile,Worthwhile,poor,Poor,seasonal-adjustment,Seasonally adjusted
34.30,,,2014-q4,2014 Q4,K02000001,United Kingdom,worthwhile,Worthwhile,very-good,Very good,seasonal-adjustment,Seasonally adjusted
12.50,12.0,12.9,2014-q4,2014 Q4,K02000001,United Kingdom,worthwhile,Worthwhile,fair,Fair,non-seasonal-adjustment,Non-seasonally adjusted
15.00,14.5,15.5,2014-q4,2014 Q4,K02000001,United Kingdom,life-satisfaction,Life satisfaction,fair,Fair,non-seasonal-adjustment,Non-seasonally adjusted
19.50,19.0,20.0,2014-q4,2014 Q4,K02000001,United Kingdom,anxiety,Anxiety,poor,Poor,non-seasonal-adjustment,Non-seasonally adjusted
23.20,22.7,23.8,2014-q4,2014 Q4,K02000001,United Kingdom,anxiety,Anxiety,good,Good,non-seasonal-adjustment,Non-seasonally adjusted
51.80,,,2014-q4,2014 Q4,K02000001,United Kingdom,life-satisfaction,Life satisfaction,good,Good,seasonal-adjustment,Seasonally adjusted
7.80,,,2014-q4,2014 Q4,K02000001,United Kingdom,worthwhile,Worthwhile,average-mean,Average (mean),seasonal-adjustment,Seasonally adjusted
12.50,,,2014-q4,2014 Q4,K02000001,United Kingdom,worthwhile,Worthwhile,fair,Fair,seasonal-adjustment,Seasonally adjusted
34.00,33.3,34.6,2014-q4,2014 Q4,K02000001,United Kingdom,worthwhile,Worthwhile,very-good,Very good,non-seasonal-adjustment,Non-seasonally adjusted
28.60,,,2014-q4,2014 Q4,K02000001,United Kingdom,life-satisfaction,Life satisfaction,very-good,Very good,seasonal-adjustment,Seasonally adjusted
9.30,8.9,9.7,2014-q4,2014 Q4,K02000001,United Kingdom,happiness,Happiness,poor,Poor,non-seasonal-adjustment,Non-seasonally adjusted
32.70,32.1,33.3,2014-q4,2014 Q4,K02000001,United Kingdom,happiness,Happiness,very-good,Very good,non-seasonal-adjustment,Non-seasonally adjusted
7.80,7.8,7.8,2014-q4,2014 Q4,K02000001,United Kingdom,worthwhile,Worthwhile,average-mean,Average (mean),non-seasonal-adjustment,Non-seasonally adjusted
41.40,,,2014-q4,2014 Q4,K02000001,United Kingdom,anxiety,Anxiety,very-good,Very good,seasonal-adjustment,Seasonally adjusted
52.60,51.9,53.3,2017-q3,2017 Q3,K02000001,United Kingdom,life-satisfaction,Life satisfaction,good,Good,non-seasonal-adjustment,Non-seasonally adjusted
29.70,29.0,30.4,2017-q3,2017 Q3,K02000001,United Kingdom,life-satisfaction,Life satisfaction,very-good,Very good,non-seasonal-adjustment,Non-seasonally adjusted
29.60,,,2017-q3,2017 Q3,K02000001,United Kingdom,life-satisfaction,Life satisfaction,very-good,Very good,seasonal-adjustment,Seasonally adjusted
7.50,,,2017-q3,2017 Q3,K02000001,United Kingdom,happiness,Happiness,average-mean,Average (mean),seasonal-adjustment,Seasonally adjusted
16.40,,,2017-q3,2017 Q3,K02000001,United Kingdom,happiness,Happiness,fair,Fair,seasonal-adjustment,Seasonally adjusted
7.50,7.5,7.6,2017-q3,2017 Q3,K02000001,United Kingdom,happiness,Happiness,average-mean,Average (mean),non-seasonal-adjustment,Non-seasonally adjusted
8.10,7.7,8.5,2017-q3,2017 Q3,K02000001,United Kingdom,happiness,Happiness,poor,Poor,non-seasonal-adjustment,Non-seasonally adjusted
16.10,15.6,16.6,2017-q3,2017 Q3,K02000001,United Kingdom,happiness,Happiness,fair,Fair,non-seasonal-adjustment,Non-seasonally adjusted
35.20,34.6,35.9,2017-q3,2017 Q3,K02000001,United Kingdom,happiness,Happiness,very-good,Very good,non-seasonal-adjustment,Non-seasonally adjusted
12.10,11.6,12.6,2017-q3,2017 Q3,K02000001,United Kingdom,worthwhile,Worthwhile,fair,Fair,non-seasonal-adjustment,Non-seasonally adjusted
35.10,34.4,35.8,2017-q3,2017 Q3,K02000001,United Kingdom,worthwhile,Worthwhile,very-good,Very good,non-seasonal-adjustment,Non-seasonally adjusted
39.60,,,2017-q3,2017 Q3,K02000001,United Kingdom,anxiety,Anxiety,very-good,Very good,seasonal-adjustment,Seasonally adjusted
4.40,4.1,4.6,2017-q3,2017 Q3,K02000001,United Kingdom,life-satisfaction,Life satisfaction,poor,Poor,non-seasonal-adjustment,Non-seasonally adjusted
49.30,48.6,50.0,2017-q3,2017 Q3,K02000001,United Kingdom,worthwhile,Worthwhile,good,Good,non-seasonal-adjustment,Non-seasonally adjusted
23.50,,,2017-q3,2017 Q3,K02000001,United Kingdom,anxiety,Anxiety,good,Good,seasonal-adjustment,Seasonally adjusted
7.90,,,2017-q3,2017 Q3,K02000001,United Kingdom,worthwhile,Worthwhile,average-mean,Average (mean),seasonal-adjustment,Seasonally adjusted
3.50,,,2017-q3,2017 Q3,K02000001,United Kingdom,worthwhile,Worthwhile,poor,Poor,seasonal-adjustment,Seasonally adjusted
4.40,,,2017-q3,2017 Q3,K02000001,United Kingdom,life-satisfaction,Life satisfaction,poor,Poor,seasonal-adjustment,Seasonally adjusted
49.30,,,2017-q3,2017 Q3,K02000001,United Kingdom,worthwhile,Worthwhile,good,Good,seasonal-adjustment,Seasonally adjusted
13.30,,,2017-q3,2017 Q3,K02000001,United Kingdom,life-satisfaction,Life satisfaction,fair,Fair,seasonal-adjustment,Seasonally adjusted
34.80,,,2017-q3,2017 Q3,K02000001,United Kingdom,worthwhile,Worthwhile,very-good,Very good,seasonal-adjustment,Seasonally adjusted
52.90,,,2017-q3,2017 Q3,K02000001,United Kingdom,life-satisfaction,Life satisfaction,good,Good,seasonal-adjustment,Seasonally adjusted
7.70,,,2017-q3,2017 Q3,K02000001,United Kingdom,life-satisfaction,Life satisfaction,average-mean,Average (mean),seasonal-adjustment,Seasonally adjusted
3.50,3.2,3.7,2017-q3,2017 Q3,K02000001,United Kingdom,worthwhile,Worthwhile,poor,Poor,non-seasonal-adjustment,Non-seasonally adjusted
2.90,2.9,2.9,2017-q3,2017 Q3,K02000001,United Kingdom,anxiety,Anxiety,average-mean,Average (mean),non-seasonal-adjustment,Non-seasonally adjusted
2.90,,,2017-q3,2017 Q3,K02000001,United Kingdom,anxiety,Anxiety,average-mean,Average (mean),seasonal-adjustment,Seasonally adjusted
16.20,,,2017-q3,2017 Q3,K02000001,United Kingdom,anxiety,Anxiety,fair,Fair,seasonal-adjustment,Seasonally adjusted
7.70,7.7,7.7,2017-q3,2017 Q3,K02000001,United Kingdom,life-satisfaction,Life satisfaction,average-mean,Average (mean),non-seasonal-adjustment,Non-seasonally adjusted
8.40,,,2017-q3,2017 Q3,K02000001,United Kingdom,happiness,Happiness,poor,Poor,seasonal-adjustment,Seasonally adjusted
34.60,,,2017-q3,2017 Q3,K02000001,United Kingdom,happiness,Happiness,very-good,Very good,seasonal-adjustment,Seasonally adjusted
20.60,,,2017-q3,2017 Q3,K02000001,United Kingdom,anxiety,Anxiety,poor,Poor,seasonal-adjustment,Seasonally adjusted
7.90,7.9,7.9,2017-q3,2017 Q3,K02000001,United Kingdom,worthwhile,Worthwhile,average-mean,Average (mean),non-seasonal-adjustment,Non-seasonally adjusted
23.50,22.9,24.1,2017-q3,2017 Q3,K02000001,United Kingdom,anxiety,Anxiety,good,Good,non-seasonal-adjustment,Non-seasonally adjusted
13.30,12.8,13.8,2017-q3,2017 Q3,K02000001,United Kingdom,life-satisfaction,Life satisfaction,fair,Fair,non-seasonal-adjustment,Non-seasonally adjusted
12.10,,,2017-q3,2017 Q3,K02000001,United Kingdom,worthwhile,Worthwhile,fair,Fair,seasonal-adjustment,Seasonally adjusted
40.10,39.4,40.7,2017-q3,2017 Q3,K02000001,United Kingdom,anxiety,Anxiety,very-good,Very good,non-seasonal-adjustment,Non-seasonally adjusted
40.90,,,2017-q3,2017 Q3,K02000001,United Kingdom,happiness,Happiness,good,Good,seasonal-adjustment,Seasonally adjusted
40.60,39.9,41.3,2017-q3,2017 Q3,K02000001,United Kingdom,happiness,Happiness,good,Good,non-seasonal-adjustment,Non-seasonally adjusted
16.20,15.7,16.8,2017-q3,2017 Q3,K02000001,United Kingdom,anxiety,Anxiety,fair,Fair,non-seasonal-adjustment,Non-seasonally adjusted
20.20,19.6,20.7,2017-q3,2017 Q3,K02000001,United Kingdom,anxiety,Anxiety,poor,Poor,non-seasonal-adjustment,Non-seasonally adjusted
7.70,,,2019-q2,2019 Q2,K02000001,United Kingdom,life-satisfaction,Life satisfaction,average-mean,Average (mean),seasonal-adjustment,Seasonally adjusted
13.40,,,2019-q2,2019 Q2,K02000001,United Kingdom,life-satisfaction,Life satisfaction,fair,Fair,seasonal-adjustment,Seasonally adjusted
4.50,,,2019-q2,2019 Q2,K02000001,United Kingdom,life-satisfaction,Life satisfaction,poor,Poor,seasonal-adjustment,Seasonally adjusted
22.80,,,2019-q2,2019 Q2,K02000001,United Kingdom,anxiety,Anxiety,good,Good,seasonal-adjustment,Seasonally adjusted
15.60,,,2019-q2,2019 Q2,K02000001,United Kingdom,anxiety,Anxiety,fair,Fair,seasonal-adjustment,Seasonally adjusted
36.50,35.8,37.2,2019-q2,2019 Q2,K02000001,United Kingdom,worthwhile,Worthwhile,very-good,Very good,non-seasonal-adjustment,Non-seasonally adjusted
7.90,7.9,7.9,2019-q2,2019 Q2,K02000001,United Kingdom,worthwhile,Worthwhile,average-mean,Average (mean),non-seasonal-adjustment,Non-seasonally adjusted
48.20,47.5,48.9,2019-q2,2019 Q2,K02000001,United Kingdom,worthwhile,Worthwhile,good,Good,non-seasonal-adjustment,Non-seasonally adjusted
7.90,,,2019-q2,2019 Q2,K02000001,United Kingdom,worthwhile,Worthwhile,average-mean,Average (mean),seasonal-adjustment,Seasonally adjusted
7.50,,,2019-q2,2019 Q2,K02000001,United Kingdom,happiness,Happiness,average-mean,Average (mean),seasonal-adjustment,Seasonally adjusted
40.90,,,2019-q2,2019 Q2,K02000001,United Kingdom,happiness,Happiness,good,Good,seasonal-adjustment,Seasonally adjusted
36.20,35.5,36.9,2019-q2,2019 Q2,K02000001,United Kingdom,happiness,Happiness,very-good,Very good,non-seasonal-adjustment,Non-seasonally adjusted
40.40,39.7,41.1,2019-q2,2019 Q2,K02000001,United Kingdom,anxiety,Anxiety,very-good,Very good,non-seasonal-adjustment,Non-seasonally adjusted
7.60,7.5,7.6,2019-q2,2019 Q2,K02000001,United Kingdom,happiness,Happiness,average-mean,Average (mean),non-seasonal-adjustment,Non-seasonally adjusted
3.70,3.4,3.9,2019-q2,2019 Q2,K02000001,United Kingdom,worthwhile,Worthwhile,poor,Poor,non-seasonal-adjustment,Non-seasonally adjusted
11.60,11.2,12.1,2019-q2,2019 Q2,K02000001,United Kingdom,worthwhile,Worthwhile,fair,Fair,non-seasonal-adjustment,Non-seasonally adjusted
35.80,,,2019-q2,2019 Q2,K02000001,United Kingdom,worthwhile,Worthwhile,very-good,Very good,seasonal-adjustment,Seasonally adjusted
15.20,14.7,15.7,2019-q2,2019 Q2,K02000001,United Kingdom,happiness,Happiness,fair,Fair,non-seasonal-adjustment,Non-seasonally adjusted
11.60,,,2019-q2,2019 Q2,K02000001,United Kingdom,worthwhile,Worthwhile,fair,Fair,seasonal-adjustment,Seasonally adjusted
15.70,,,2019-q2,2019 Q2,K02000001,United Kingdom,happiness,Happiness,fair,Fair,seasonal-adjustment,Seasonally adjusted
52.10,,,2019-q2,2019 Q2,K02000001,United Kingdom,life-satisfaction,Life satisfaction,good,Good,seasonal-adjustment,Seasonally adjusted
40.40,39.7,41.1,2019-q2,2019 Q2,K02000001,United Kingdom,happiness,Happiness,good,Good,non-seasonal-adjustment,Non-seasonally adjusted
2.90,2.9,3.0,2019-q2,2019 Q2,K02000001,United Kingdom,anxiety,Anxiety,average-mean,Average (mean),non-seasonal-adjustment,Non-seasonally adjusted
29.70,,,2019-q2,2019 Q2,K02000001,United Kingdom,life-satisfaction,Life satisfaction,very-good,Very good,seasonal-adjustment,Seasonally adjusted
8.20,7.8,8.6,2019-q2,2019 Q2,K02000001,United Kingdom,happiness,Happiness,poor,Poor,non-seasonal-adjustment,Non-seasonally adjusted
4.50,4.2,4.7,2019-q2,2019 Q2,K02000001,United Kingdom,life-satisfaction,Life satisfaction,poor,Poor,non-seasonal-adjustment,Non-seasonally adjusted
30.50,29.8,31.2,2019-q2,2019 Q2,K02000001,United Kingdom,life-satisfaction,Life satisfaction,very-good,Very good,non-seasonal-adjustment,Non-seasonally adjusted
8.50,,,2019-q2,2019 Q2,K02000001,United Kingdom,happiness,Happiness,poor,Poor,seasonal-adjustment,Seasonally adjusted
7.70,7.7,7.7,2019-q2,2019 Q2,K02000001,United Kingdom,life-satisfaction,Life satisfaction,average-mean,Average (mean),non-seasonal-adjustment,Non-seasonally adjusted
48.20,,,2019-q2,2019 Q2,K02000001,United Kingdom,worthwhile,Worthwhile,good,Good,seasonal-adjustment,Seasonally adjusted
3.00,,,2019-q2,2019 Q2,K02000001,United Kingdom,anxiety,Anxiety,average-mean,Average (mean),seasonal-adjustment,Seasonally adjusted
39.70,,,2019-q2,2019 Q2,K02000001,United Kingdom,anxiety,Anxiety,very-good,Very good,seasonal-adjustment,Seasonally adjusted
34.80,,,2019-q2,2019 Q2,K02000001,United Kingdom,happiness,Happiness,very-good,Very good,seasonal-adjustment,Seasonally adjusted
15.60,15.1,16.1,2019-q2,2019 Q2,K02000001,United Kingdom,anxiety,Anxiety,fair,Fair,non-seasonal-adjustment,Non-seasonally adjusted
21.20,20.6,21.8,2019-q2,2019 Q2,K02000001,United Kingdom,anxiety,Anxiety,poor,Poor,non-seasonal-adjustment,Non-seasonally adjusted
3.70,,,2019-q2,2019 Q2,K02000001,United Kingdom,worthwhile,Worthwhile,poor,Poor,seasonal-adjustment,Seasonally adjusted
13.30,12.8,13.8,2019-q2,2019 Q2,K02000001,United Kingdom,life-satisfaction,Life satisfaction,fair,Fair,non-seasonal-adjustment,Non-seasonally adjusted
51.80,51.0,52.5,2019-q2,2019 Q2,K02000001,United Kingdom,life-satisfaction,Life satisfaction,good,Good,non-seasonal-adjustment,Non-seasonally adjusted
22.80,22.2,23.4,2019-q2,2019 Q2,K02000001,United Kingdom,anxiety,Anxiety,good,Good,non-seasonal-adjustment,Non-seasonally adjusted
21.50,,,2019-q2,2019 Q2,K02000001,United Kingdom,anxiety,Anxiety,poor,Poor,seasonal-adjustment,Seasonally adjusted
7.70,,,2018-q4,2018 Q4,K02000001,United Kingdom,life-satisfaction,Life satisfaction,average-mean,Average (mean),seasonal-adjustment,Seasonally adjusted
15.30,,,2018-q4,2018 Q4,K02000001,United Kingdom,happiness,Happiness,fair,Fair,seasonal-adjustment,Seasonally adjusted
41.40,,,2018-q4,2018 Q4,K02000001,United Kingdom,happiness,Happiness,good,Good,seasonal-adjustment,Seasonally adjusted
16.30,,,2018-q4,2018 Q4,K02000001,United Kingdom,anxiety,Anxiety,fair,Fair,seasonal-adjustment,Seasonally adjusted
34.90,34.2,35.6,2018-q4,2018 Q4,K02000001,United Kingdom,worthwhile,Worthwhile,very-good,Very good,non-seasonal-adjustment,Non-seasonally adjusted
35.00,,,2018-q4,2018 Q4,K02000001,United Kingdom,happiness,Happiness,very-good,Very good,seasonal-adjustment,Seasonally adjusted
33.90,33.2,34.6,2018-q4,2018 Q4,K02000001,United Kingdom,happiness,Happiness,very-good,Very good,non-seasonal-adjustment,Non-seasonally adjusted
13.00,,,2018-q4,2018 Q4,K02000001,United Kingdom,life-satisfaction,Life satisfaction,fair,Fair,seasonal-adjustment,Seasonally adjusted
30.10,,,2018-q4,2018 Q4,K02000001,United Kingdom,life-satisfaction,Life satisfaction,very-good,Very good,seasonal-adjustment,Seasonally adjusted
2.90,2.9,2.9,2018-q4,2018 Q4,K02000001,United Kingdom,anxiety,Anxiety,average-mean,Average (mean),non-seasonal-adjustment,Non-seasonally adjusted
23.50,,,2018-q4,2018 Q4,K02000001,United Kingdom,anxiety,Anxiety,good,Good,seasonal-adjustment,Seasonally adjusted
49.50,48.7,50.2,2018-q4,2018 Q4,K02000001,United Kingdom,worthwhile,Worthwhile,good,Good,non-seasonal-adjustment,Non-seasonally adjusted
49.50,,,2018-q4,2018 Q4,K02000001,United Kingdom,worthwhile,Worthwhile,good,Good,seasonal-adjustment,Seasonally adjusted
12.90,12.5,13.4,2018-q4,2018 Q4,K02000001,United Kingdom,life-satisfaction,Life satisfaction,fair,Fair,non-seasonal-adjustment,Non-seasonally adjusted
3.80,3.5,4.1,2018-q4,2018 Q4,K02000001,United Kingdom,worthwhile,Worthwhile,poor,Poor,non-seasonal-adjustment,Non-seasonally adjusted
11.80,,,2018-q4,2018 Q4,K02000001,United Kingdom,worthwhile,Worthwhile,fair,Fair,seasonal-adjustment,Seasonally adjusted
7.50,7.5,7.5,2018-q4,2018 Q4,K02000001,United Kingdom,happiness,Happiness,average-mean,Average (mean),non-seasonal-adjustment,Non-seasonally adjusted
8.60,8.2,9.0,2018-q4,2018 Q4,K02000001,United Kingdom,happiness,Happiness,poor,Poor,non-seasonal-adjustment,Non-seasonally adjusted
20.00,19.4,20.6,2018-q4,2018 Q4,K02000001,United Kingdom,anxiety,Anxiety,poor,Poor,non-seasonal-adjustment,Non-seasonally adjusted
2.90,,,2018-q4,2018 Q4,K02000001,United Kingdom,anxiety,Anxiety,average-mean,Average (mean),seasonal-adjustment,Seasonally adjusted
19.70,,,2018-q4,2018 Q4,K02000001,United Kingdom,anxiety,Anxiety,poor,Poor,seasonal-adjustment,Seasonally adjusted
52.40,,,2018-q4,2018 Q4,K02000001,United Kingdom,life-satisfaction,Life satisfaction,good,Good,seasonal-adjustment,Seasonally adjusted
53.10,52.4,53.8,2018-q4,2018 Q4,K02000001,United Kingdom,life-satisfaction,Life satisfaction,good,Good,non-seasonal-adjustment,Non-seasonally adjusted
41.80,41.1,42.5,2018-q4,2018 Q4,K02000001,United Kingdom,happiness,Happiness,good,Good,non-seasonal-adjustment,Non-seasonally adjusted
8.20,,,2018-q4,2018 Q4,K02000001,United Kingdom,happiness,Happiness,poor,Poor,seasonal-adjustment,Seasonally adjusted
29.60,28.9,30.3,2018-q4,2018 Q4,K02000001,United Kingdom,life-satisfaction,Life satisfaction,very-good,Very good,non-seasonal-adjustment,Non-seasonally adjusted
7.90,7.8,7.9,2018-q4,2018 Q4,K02000001,United Kingdom,worthwhile,Worthwhile,average-mean,Average (mean),non-seasonal-adjustment,Non-seasonally adjusted
11.80,11.3,12.3,2018-q4,2018 Q4,K02000001,United Kingdom,worthwhile,Worthwhile,fair,Fair,non-seasonal-adjustment,Non-seasonally adjusted
23.50,22.9,24.1,2018-q4,2018 Q4,K02000001,United Kingdom,anxiety,Anxiety,good,Good,non-seasonal-adjustment,Non-seasonally adjusted
16.30,15.7,16.8,2018-q4,2018 Q4,K02000001,United Kingdom,anxiety,Anxiety,fair,Fair,non-seasonal-adjustment,Non-seasonally adjusted
7.50,,,2018-q4,2018 Q4,K02000001,United Kingdom,happiness,Happiness,average-mean,Average (mean),seasonal-adjustment,Seasonally adjusted
40.20,39.5,41.0,2018-q4,2018 Q4,K02000001,United Kingdom,anxiety,Anxiety,very-good,Very good,non-seasonal-adjustment,Non-seasonally adjusted
40.90,,,2018-q4,2018 Q4,K02000001,United Kingdom,anxiety,Anxiety,very-good,Very good,seasonal-adjustment,Seasonally adjusted
7.90,,,2018-q4,2018 Q4,K02000001,United Kingdom,worthwhile,Worthwhile,average-mean,Average (mean),seasonal-adjustment,Seasonally adjusted
35.40,,,2018-q4,2018 Q4,K02000001,United Kingdom,worthwhile,Worthwhile,very-good,Very good,seasonal-adjustment,Seasonally adjusted
3.80,,,2018-q4,2018 Q4,K02000001,United Kingdom,worthwhile,Worthwhile,poor,Poor,seasonal-adjustment,Seasonally adjusted
4.40,,,2018-q4,2018 Q4,K02000001,United Kingdom,life-satisfaction,Life satisfaction,poor,Poor,seasonal-adjustment,Seasonally adjusted
7.70,7.7,7.7,2018-q4,2018 Q4,K02000001,United Kingdom,life-satisfaction,Life satisfaction,average-mean,Average (mean),non-seasonal-adjustment,Non-seasonally adjusted
4.40,4.1,4.6,2018-q4,2018 Q4,K02000001,United Kingdom,life-satisfaction,Life satisfaction,poor,Poor,non-seasonal-adjustment,Non-seasonally adjusted
15.70,15.2,16.2,2018-q4,2018 Q4,K02000001,United Kingdom,happiness,Happiness,fair,Fair,non-seasonal-adjustment,Non-seasonally adjusted
4.30,4.1,4.6,2017-q2,2017 Q2,K02000001,United Kingdom,life-satisfaction,Life satisfaction,poor,Poor,non-seasonal-adjustment,Non-seasonally adjusted
2.90,,,2017-q2,2017 Q2,K02000001,United Kingdom,anxiety,Anxiety,average-mean,Average (mean),seasonal-adjustment,Seasonally adjusted
48.20,,,2017-q2,2017 Q2,K02000001,United Kingdom,worthwhile,Worthwhile,good,Good,seasonal-adjustment,Seasonally adjusted
7.50,,,2017-q2,2017 Q2,K02000001,United Kingdom,happiness,Happiness,average-mean,Average (mean),seasonal-adjustment,Seasonally adjusted
48.20,47.5,48.9,2017-q2,2017 Q2,K02000001,United Kingdom,worthwhile,Worthwhile,good,Good,non-seasonal-adjustment,Non-seasonally adjusted
7.70,,,2017-q2,2017 Q2,K02000001,United Kingdom,life-satisfaction,Life satisfaction,average-mean,Average (mean),seasonal-adjustment,Seasonally adjusted
11.70,,,2017-q2,2017 Q2,K02000001,United Kingdom,worthwhile,Worthwhile,fair,Fair,seasonal-adjustment,Seasonally adjusted
16.80,,,2017-q2,2017 Q2,K02000001,United Kingdom,anxiety,Anxiety,fair,Fair,seasonal-adjustment,Seasonally adjusted
8.10,7.7,8.5,2017-q2,2017 Q2,K02000001,United Kingdom,happiness,Happiness,poor,Poor,non-seasonal-adjustment,Non-seasonally adjusted
2.90,2.9,2.9,2017-q2,2017 Q2,K02000001,United Kingdom,anxiety,Anxiety,average-mean,Average (mean),non-seasonal-adjustment,Non-seasonally adjusted
23.40,22.8,24.0,2017-q2,2017 Q2,K02000001,United Kingdom,anxiety,Anxiety,good,Good,non-seasonal-adjustment,Non-seasonally adjusted
16.80,16.3,17.4,2017-q2,2017 Q2,K02000001,United Kingdom,anxiety,Anxiety,fair,Fair,non-seasonal-adjustment,Non-seasonally adjusted
7.60,7.5,7.6,2017-q2,2017 Q2,K02000001,United Kingdom,happiness,Happiness,average-mean,Average (mean),non-seasonal-adjustment,Non-seasonally adjusted
23.40,,,2017-q2,2017 Q2,K02000001,United Kingdom,anxiety,Anxiety,good,Good,seasonal-adjustment,Seasonally adjusted
7.90,,,2017-q2,2017 Q2,K02000001,United Kingdom,worthwhile,Worthwhile,average-mean,Average (mean),seasonal-adjustment,Seasonally adjusted
3.50,,,2017-q2,2017 Q2,K02000001,United Kingdom,worthwhile,Worthwhile,poor,Poor,seasonal-adjustment,Seasonally adjusted
40.50,39.8,41.2,2017-q2,2017 Q2,K02000001,United Kingdom,happiness,Happiness,good,Good,non-seasonal-adjustment,Non-seasonally adjusted
16.10,,,2017-q2,2017 Q2,K02000001,United Kingdom,happiness,Happiness,fair,Fair,seasonal-adjustment,Seasonally adjusted
7.70,7.7,7.7,2017-q2,2017 Q2,K02000001,United Kingdom,life-satisfaction,Life satisfaction,average-mean,Average (mean),non-seasonal-adjustment,Non-seasonally adjusted
35.90,35.1,36.6,2017-q2,2017 Q2,K02000001,United Kingdom,happiness,Happiness,very-good,Very good,non-seasonal-adjustment,Non-seasonally adjusted
7.90,7.9,7.9,2017-q2,2017 Q2,K02000001,United Kingdom,worthwhile,Worthwhile,average-mean,Average (mean),non-seasonal-adjustment,Non-seasonally adjusted
52.70,,,2017-q2,2017 Q2,K02000001,United Kingdom,life-satisfaction,Life satisfaction,good,Good,seasonal-adjustment,Seasonally adjusted
15.50,15.0,16.0,2017-q2,2017 Q2,K02000001,United Kingdom,happiness,Happiness,fair,Fair,non-seasonal-adjustment,Non-seasonally adjusted
30.50,29.8,31.2,2017-q2,2017 Q2,K02000001,United Kingdom,life-satisfaction,Life satisfaction,very-good,Very good,non-seasonal-adjustment,Non-seasonally adjusted
13.00,,,2017-q2,2017 Q2,K02000001,United Kingdom,life-satisfaction,Life satisfaction,fair,Fair,seasonal-adjustment,Seasonally adjusted
40.90,,,2017-q2,2017 Q2,K02000001,United Kingdom,happiness,Happiness,good,Good,seasonal-adjustment,Seasonally adjusted
34.60,,,2017-q2,2017 Q2,K02000001,United Kingdom,happiness,Happiness,very-good,Very good,seasonal-adjustment,Seasonally adjusted
52.30,51.6,53.0,2017-q2,2017 Q2,K02000001,United Kingdom,life-satisfaction,Life satisfaction,good,Good,non-seasonal-adjustment,Non-seasonally adjusted
39.60,,,2017-q2,2017 Q2,K02000001,United Kingdom,anxiety,Anxiety,very-good,Very good,seasonal-adjustment,Seasonally adjusted
11.70,11.2,12.2,2017-q2,2017 Q2,K02000001,United Kingdom,worthwhile,Worthwhile,fair,Fair,non-seasonal-adjustment,Non-seasonally adjusted
36.70,36.0,37.4,2017-q2,2017 Q2,K02000001,United Kingdom,worthwhile,Worthwhile,very-good,Very good,non-seasonal-adjustment,Non-seasonally adjusted
40.10,39.4,40.8,2017-q2,2017 Q2,K02000001,United Kingdom,anxiety,Anxiety,very-good,Very good,non-seasonal-adjustment,Non-seasonally adjusted
8.40,,,2017-q2,2017 Q2,K02000001,United Kingdom,happiness,Happiness,poor,Poor,seasonal-adjustment,Seasonally adjusted
19.80,,,2017-q2,2017 Q2,K02000001,United Kingdom,anxiety,Anxiety,poor,Poor,seasonal-adjustment,Seasonally adjusted
12.80,12.4,13.3,2017-q2,2017 Q2,K02000001,United Kingdom,life-satisfaction,Life satisfaction,fair,Fair,non-seasonal-adjustment,Non-seasonally adjusted
19.60,19.0,20.2,2017-q2,2017 Q2,K02000001,United Kingdom,anxiety,Anxiety,poor,Poor,non-seasonal-adjustment,Non-seasonally adjusted
36.00,,,2017-q2,2017 Q2,K02000001,United Kingdom,worthwhile,Worthwhile,very-good,Very good,seasonal-adjustment,Seasonally adjusted
3.50,3.2,3.7,2017-q2,2017 Q2,K02000001,United Kingdom,worthwhile,Worthwhile,poor,Poor,non-seasonal-adjustment,Non-seasonally adjusted
29.80,,,2017-q2,2017 Q2,K02000001,United Kingdom,life-satisfaction,Life satisfaction,very-good,Very good,seasonal-adjustment,Seasonally adjusted
4.30,,,2017-q2,2017 Q2,K02000001,United Kingdom,life-satisfaction,Life satisfaction,poor,Poor,seasonal-adjustment,Seasonally adjusted
3.00,,,2013-q1,2013 Q1,K02000001,United Kingdom,anxiety,Anxiety,average-mean,Average (mean),seasonal-adjustment,Seasonally adjusted
7.70,7.7,7.7,2013-q1,2013 Q1,K02000001,United Kingdom,worthwhile,Worthwhile,average-mean,Average (mean),non-seasonal-adjustment,Non-seasonally adjusted
31.40,,,2013-q1,2013 Q1,K02000001,United Kingdom,worthwhile,Worthwhile,very-good,Very good,seasonal-adjustment,Seasonally adjusted
17.50,,,2013-q1,2013 Q1,K02000001,United Kingdom,happiness,Happiness,fair,Fair,seasonal-adjustment,Seasonally adjusted
5.80,,,2013-q1,2013 Q1,K02000001,United Kingdom,life-satisfaction,Life satisfaction,poor,Poor,seasonal-adjustment,Seasonally adjusted
7.30,,,2013-q1,2013 Q1,K02000001,United Kingdom,happiness,Happiness,average-mean,Average (mean),seasonal-adjustment,Seasonally adjusted
41.20,,,2013-q1,2013 Q1,K02000001,United Kingdom,happiness,Happiness,good,Good,seasonal-adjustment,Seasonally adjusted
20.60,,,2013-q1,2013 Q1,K02000001,United Kingdom,anxiety,Anxiety,poor,Poor,seasonal-adjustment,Seasonally adjusted
4.50,,,2013-q1,2013 Q1,K02000001,United Kingdom,worthwhile,Worthwhile,poor,Poor,seasonal-adjustment,Seasonally adjusted
14.50,,,2013-q1,2013 Q1,K02000001,United Kingdom,worthwhile,Worthwhile,fair,Fair,seasonal-adjustment,Seasonally adjusted
4.50,4.2,4.8,2013-q1,2013 Q1,K02000001,United Kingdom,worthwhile,Worthwhile,poor,Poor,non-seasonal-adjustment,Non-seasonally adjusted
3.00,3.0,3.1,2013-q1,2013 Q1,K02000001,United Kingdom,anxiety,Anxiety,average-mean,Average (mean),non-seasonal-adjustment,Non-seasonally adjusted
17.60,,,2013-q1,2013 Q1,K02000001,United Kingdom,anxiety,Anxiety,fair,Fair,seasonal-adjustment,Seasonally adjusted
14.50,14.1,15.0,2013-q1,2013 Q1,K02000001,United Kingdom,worthwhile,Worthwhile,fair,Fair,non-seasonal-adjustment,Non-seasonally adjusted
41.70,41.1,42.4,2013-q1,2013 Q1,K02000001,United Kingdom,happiness,Happiness,good,Good,non-seasonal-adjustment,Non-seasonally adjusted
29.80,29.2,30.5,2013-q1,2013 Q1,K02000001,United Kingdom,happiness,Happiness,very-good,Very good,non-seasonal-adjustment,Non-seasonally adjusted
7.70,,,2013-q1,2013 Q1,K02000001,United Kingdom,worthwhile,Worthwhile,average-mean,Average (mean),seasonal-adjustment,Seasonally adjusted
23.50,23.0,24.1,2013-q1,2013 Q1,K02000001,United Kingdom,anxiety,Anxiety,good,Good,non-seasonal-adjustment,Non-seasonally adjusted
20.80,20.3,21.3,2013-q1,2013 Q1,K02000001,United Kingdom,anxiety,Anxiety,poor,Poor,non-seasonal-adjustment,Non-seasonally adjusted
38.20,,,2013-q1,2013 Q1,K02000001,United Kingdom,anxiety,Anxiety,very-good,Very good,seasonal-adjustment,Seasonally adjusted
10.20,,,2013-q1,2013 Q1,K02000001,United Kingdom,happiness,Happiness,poor,Poor,seasonal-adjustment,Seasonally adjusted
16.90,,,2013-q1,2013 Q1,K02000001,United Kingdom,life-satisfaction,Life satisfaction,fair,Fair,seasonal-adjustment,Seasonally adjusted
17.10,16.6,17.6,2013-q1,2013 Q1,K02000001,United Kingdom,life-satisfaction,Life satisfaction,fair,Fair,non-seasonal-adjustment,Non-seasonally adjusted
51.60,50.9,52.2,2013-q1,2013 Q1,K02000001,United Kingdom,life-satisfaction,Life satisfaction,good,Good,non-seasonal-adjustment,Non-seasonally adjusted
25.90,,,2013-q1,2013 Q1,K02000001,United Kingdom,life-satisfaction,Life satisfaction,very-good,Very good,seasonal-adjustment,Seasonally adjusted
31.10,,,2013-q1,2013 Q1,K02000001,United Kingdom,happiness,Happiness,very-good,Very good,seasonal-adjustment,Seasonally adjusted
49.80,49.2,50.5,2013-q1,2013 Q1,K02000001,United Kingdom,worthwhile,Worthwhile,good,Good,non-seasonal-adjustment,Non-seasonally adjusted
18.00,17.5,18.5,2013-q1,2013 Q1,K02000001,United Kingdom,happiness,Happiness,fair,Fair,non-seasonal-adjustment,Non-seasonally adjusted
23.50,,,2013-q1,2013 Q1,K02000001,United Kingdom,anxiety,Anxiety,good,Good,seasonal-adjustment,Seasonally adjusted
38.10,37.4,38.7,2013-q1,2013 Q1,K02000001,United Kingdom,anxiety,Anxiety,very-good,Very good,non-seasonal-adjustment,Non-seasonally adjusted
49.80,,,2013-q1,2013 Q1,K02000001,United Kingdom,worthwhile,Worthwhile,good,Good,seasonal-adjustment,Seasonally adjusted
7.40,7.4,7.5,2013-q1,2013 Q1,K02000001,United Kingdom,life-satisfaction,Life satisfaction,average-mean,Average (mean),non-seasonal-adjustment,Non-seasonally adjusted
5.80,5.5,6.1,2013-q1,2013 Q1,K02000001,United Kingdom,life-satisfaction,Life satisfaction,poor,Poor,non-seasonal-adjustment,Non-seasonally adjusted
7.30,7.2,7.3,2013-q1,2013 Q1,K02000001,United Kingdom,happiness,Happiness,average-mean,Average (mean),non-seasonal-adjustment,Non-seasonally adjusted
10.40,10.0,10.8,2013-q1,2013 Q1,K02000001,United Kingdom,happiness,Happiness,poor,Poor,non-seasonal-adjustment,Non-seasonally adjusted
7.50,,,2013-q1,2013 Q1,K02000001,United Kingdom,life-satisfaction,Life satisfaction,average-mean,Average (mean),seasonal-adjustment,Seasonally adjusted
51.10,,,2013-q1,2013 Q1,K02000001,United Kingdom,life-satisfaction,Life satisfaction,good,Good,seasonal-adjustment,Seasonally adjusted
25.50,24.9,26.1,2013-q1,2013 Q1,K02000001,United Kingdom,life-satisfaction,Life satisfaction,very-good,Very good,non-seasonal-adjustment,Non-seasonally adjusted
31.20,30.6,31.8,2013-q1,2013 Q1,K02000001,United Kingdom,worthwhile,Worthwhile,very-good,Very good,non-seasonal-adjustment,Non-seasonally adjusted
17.60,17.1,18.1,2013-q1,2013 Q1,K02000001,United Kingdom,anxiety,Anxiety,fair,Fair,non-seasonal-adjustment,Non-seasonally adjusted
3.00,,,2012-q4,2012 Q4,K02000001,United Kingdom,anxiety,Anxiety,average-mean,Average (mean),seasonal-adjustment,Seasonally adjusted
49.70,,,2012-q4,2012 Q4,K02000001,United Kingdom,worthwhile,Worthwhile,good,Good,seasonal-adjustment,Seasonally adjusted
31.30,30.7,32.0,2012-q4,2012 Q4,K02000001,United Kingdom,worthwhile,Worthwhile,very-good,Very good,non-seasonal-adjustment,Non-seasonally adjusted
38.40,,,2012-q4,2012 Q4,K02000001,United Kingdom,anxiety,Anxiety,very-good,Very good,seasonal-adjustment,Seasonally adjusted
23.70,,,2012-q4,2012 Q4,K02000001,United Kingdom,anxiety,Anxiety,good,Good,seasonal-adjustment,Seasonally adjusted
20.70,,,2012-q4,2012 Q4,K02000001,United Kingdom,anxiety,Anxiety,poor,Poor,seasonal-adjustment,Seasonally adjusted
31.60,,,2012-q4,2012 Q4,K02000001,United Kingdom,worthwhile,Worthwhile,very-good,Very good,seasonal-adjustment,Seasonally adjusted
3.00,3.0,3.1,2012-q4,2012 Q4,K02000001,United Kingdom,anxiety,Anxiety,average-mean,Average (mean),non-seasonal-adjustment,Non-seasonally adjusted
5.50,5.2,5.8,2012-q4,2012 Q4,K02000001,United Kingdom,life-satisfaction,Life satisfaction,poor,Poor,non-seasonal-adjustment,Non-seasonally adjusted
25.90,,,2012-q4,2012 Q4,K02000001,United Kingdom,life-satisfaction,Life satisfaction,very-good,Very good,seasonal-adjustment,Seasonally adjusted
7.50,7.4,7.5,2012-q4,2012 Q4,K02000001,United Kingdom,life-satisfaction,Life satisfaction,average-mean,Average (mean),non-seasonal-adjustment,Non-seasonally adjusted
4.20,,,2012-q4,2012 Q4,K02000001,United Kingdom,worthwhile,Worthwhile,poor,Poor,seasonal-adjustment,Seasonally adjusted
10.10,,,2012-q4,2012 Q4,K02000001,United Kingdom,happiness,Happiness,poor,Poor,seasonal-adjustment,Seasonally adjusted
7.30,7.2,7.3,2012-q4,2012 Q4,K02000001,United Kingdom,happiness,Happiness,average-mean,Average (mean),non-seasonal-adjustment,Non-seasonally adjusted
17.50,,,2012-q4,2012 Q4,K02000001,United Kingdom,anxiety,Anxiety,fair,Fair,seasonal-adjustment,Seasonally adjusted
21.00,20.4,21.6,2012-q4,2012 Q4,K02000001,United Kingdom,anxiety,Anxiety,poor,Poor,non-seasonal-adjustment,Non-seasonally adjusted
41.40,40.8,42.1,2012-q4,2012 Q4,K02000001,United Kingdom,happiness,Happiness,good,Good,non-seasonal-adjustment,Non-seasonally adjusted
7.70,7.7,7.7,2012-q4,2012 Q4,K02000001,United Kingdom,worthwhile,Worthwhile,average-mean,Average (mean),non-seasonal-adjustment,Non-seasonally adjusted
4.20,3.9,4.4,2012-q4,2012 Q4,K02000001,United Kingdom,worthwhile,Worthwhile,poor,Poor,non-seasonal-adjustment,Non-seasonally adjusted
49.70,49.0,50.4,2012-q4,2012 Q4,K02000001,United Kingdom,worthwhile,Worthwhile,good,Good,non-seasonal-adjustment,Non-seasonally adjusted
10.40,10.0,10.9,2012-q4,2012 Q4,K02000001,United Kingdom,happiness,Happiness,poor,Poor,non-seasonal-adjustment,Non-seasonally adjusted
23.70,23.1,24.3,2012-q4,2012 Q4,K02000001,United Kingdom,anxiety,Anxiety,good,Good,non-seasonal-adjustment,Non-seasonally adjusted
41.20,,,2012-q4,2012 Q4,K02000001,United Kingdom,happiness,Happiness,good,Good,seasonal-adjustment,Seasonally adjusted
5.50,,,2012-q4,2012 Q4,K02000001,United Kingdom,life-satisfaction,Life satisfaction,poor,Poor,seasonal-adjustment,Seasonally adjusted
51.60,,,2012-q4,2012 Q4,K02000001,United Kingdom,life-satisfaction,Life satisfaction,good,Good,seasonal-adjustment,Seasonally adjusted
14.80,14.3,15.3,2012-q4,2012 Q4,K02000001,United Kingdom,worthwhile,Worthwhile,fair,Fair,non-seasonal-adjustment,Non-seasonally adjusted
17.50,17.0,18.0,2012-q4,2012 Q4,K02000001,United Kingdom,anxiety,Anxiety,fair,Fair,non-seasonal-adjustment,Non-seasonally adjusted
17.00,16.5,17.6,2012-q4,2012 Q4,K02000001,United Kingdom,life-satisfaction,Life satisfaction,fair,Fair,non-seasonal-adjustment,Non-seasonally adjusted
17.60,,,2012-q4,2012 Q4,K02000001,United Kingdom,happiness,Happiness,fair,Fair,seasonal-adjustment,Seasonally adjusted
25.70,25.1,26.3,2012-q4,2012 Q4,K02000001,United Kingdom,life-satisfaction,Life satisfaction,very-good,Very good,non-seasonal-adjustment,Non-seasonally adjusted
31.10,,,2012-q4,2012 Q4,K02000001,United Kingdom,happiness,Happiness,very-good,Very good,seasonal-adjustment,Seasonally adjusted
7.50,,,2012-q4,2012 Q4,K02000001,United Kingdom,life-satisfaction,Life satisfaction,average-mean,Average (mean),seasonal-adjustment,Seasonally adjusted
16.90,,,2012-q4,2012 Q4,K02000001,United Kingdom,life-satisfaction,Life satisfaction,fair,Fair,seasonal-adjustment,Seasonally adjusted
18.10,17.6,18.6,2012-q4,2012 Q4,K02000001,United Kingdom,happiness,Happiness,fair,Fair,non-seasonal-adjustment,Non-seasonally adjusted
14.80,,,2012-q4,2012 Q4,K02000001,United Kingdom,worthwhile,Worthwhile,fair,Fair,seasonal-adjustment,Seasonally adjusted
30.10,29.4,30.7,2012-q4,2012 Q4,K02000001,United Kingdom,happiness,Happiness,very-good,Very good,non-seasonal-adjustment,Non-seasonally adjusted
7.30,,,2012-q4,2012 Q4,K02000001,United Kingdom,happiness,Happiness,average-mean,Average (mean),seasonal-adjustment,Seasonally adjusted
7.70,,,2012-q4,2012 Q4,K02000001,United Kingdom,worthwhile,Worthwhile,average-mean,Average (mean),seasonal-adjustment,Seasonally adjusted
51.80,51.1,52.5,2012-q4,2012 Q4,K02000001,United Kingdom,life-satisfaction,Life satisfaction,good,Good,non-seasonal-adjustment,Non-seasonally adjusted
37.80,37.2,38.5,2012-q4,2012 Q4,K02000001,United Kingdom,anxiety,Anxiety,very-good,Very good,non-seasonal-adjustment,Non-seasonally adjusted
13.90,,,2019-q3,2019 Q3,K02000001,United Kingdom,life-satisfaction,Life satisfaction,fair,Fair,seasonal-adjustment,Seasonally adjusted
29.90,,,2019-q3,2019 Q3,K02000001,United Kingdom,life-satisfaction,Life satisfaction,very-good,Very good,seasonal-adjustment,Seasonally adjusted
7.70,,,2019-q3,2019 Q3,K02000001,United Kingdom,life-satisfaction,Life satisfaction,average-mean,Average (mean),seasonal-adjustment,Seasonally adjusted
7.70,7.6,7.7,2019-q3,2019 Q3,K02000001,United Kingdom,life-satisfaction,Life satisfaction,average-mean,Average (mean),non-seasonal-adjustment,Non-seasonally adjusted
16.50,,,2019-q3,2019 Q3,K02000001,United Kingdom,anxiety,Anxiety,fair,Fair,seasonal-adjustment,Seasonally adjusted
4.80,,,2019-q3,2019 Q3,K02000001,United Kingdom,life-satisfaction,Life satisfaction,poor,Poor,seasonal-adjustment,Seasonally adjusted
35.20,34.5,35.9,2019-q3,2019 Q3,K02000001,United Kingdom,worthwhile,Worthwhile,very-good,Very good,non-seasonal-adjustment,Non-seasonally adjusted
22.90,22.3,23.5,2019-q3,2019 Q3,K02000001,United Kingdom,anxiety,Anxiety,good,Good,non-seasonal-adjustment,Non-seasonally adjusted
16.50,15.9,17.0,2019-q3,2019 Q3,K02000001,United Kingdom,anxiety,Anxiety,fair,Fair,non-seasonal-adjustment,Non-seasonally adjusted
3.90,,,2019-q3,2019 Q3,K02000001,United Kingdom,worthwhile,Worthwhile,poor,Poor,seasonal-adjustment,Seasonally adjusted
12.00,11.5,12.4,2019-q3,2019 Q3,K02000001,United Kingdom,worthwhile,Worthwhile,fair,Fair,non-seasonal-adjustment,Non-seasonally adjusted
20.80,,,2019-q3,2019 Q3,K02000001,United Kingdom,anxiety,Anxiety,poor,Poor,seasonal-adjustment,Seasonally adjusted
15.60,15.1,16.2,2019-q3,2019 Q3,K02000001,United Kingdom,happiness,Happiness,fair,Fair,non-seasonal-adjustment,Non-seasonally adjusted
41.20,,,2019-q3,2019 Q3,K02000001,United Kingdom,happiness,Happiness,good,Good,seasonal-adjustment,Seasonally adjusted
7.50,7.5,7.6,2019-q3,2019 Q3,K02000001,United Kingdom,happiness,Happiness,average-mean,Average (mean),non-seasonal-adjustment,Non-seasonally adjusted
8.20,7.8,8.6,2019-q3,2019 Q3,K02000001,United Kingdom,happiness,Happiness,poor,Poor,non-seasonal-adjustment,Non-seasonally adjusted
49.00,,,2019-q3,2019 Q3,K02000001,United Kingdom,worthwhile,Worthwhile,good,Good,seasonal-adjustment,Seasonally adjusted
4.80,4.5,5.1,2019-q3,2019 Q3,K02000001,United Kingdom,life-satisfaction,Life satisfaction,poor,Poor,non-seasonal-adjustment,Non-seasonally adjusted
13.90,13.4,14.4,2019-q3,2019 Q3,K02000001,United Kingdom,life-satisfaction,Life satisfaction,fair,Fair,non-seasonal-adjustment,Non-seasonally adjusted
49.00,48.2,49.7,2019-q3,2019 Q3,K02000001,United Kingdom,worthwhile,Worthwhile,good,Good,non-seasonal-adjustment,Non-seasonally adjusted
40.90,40.2,41.7,2019-q3,2019 Q3,K02000001,United Kingdom,happiness,Happiness,good,Good,non-seasonal-adjustment,Non-seasonally adjusted
35.20,34.5,35.9,2019-q3,2019 Q3,K02000001,United Kingdom,happiness,Happiness,very-good,Very good,non-seasonal-adjustment,Non-seasonally adjusted
34.70,,,2019-q3,2019 Q3,K02000001,United Kingdom,happiness,Happiness,very-good,Very good,seasonal-adjustment,Seasonally adjusted
29.90,29.3,30.6,2019-q3,2019 Q3,K02000001,United Kingdom,life-satisfaction,Life satisfaction,very-good,Very good,non-seasonal-adjustment,Non-seasonally adjusted
12.00,,,2019-q3,2019 Q3,K02000001,United Kingdom,worthwhile,Worthwhile,fair,Fair,seasonal-adjustment,Seasonally adjusted
22.90,,,2019-q3,2019 Q3,K02000001,United Kingdom,anxiety,Anxiety,good,Good,seasonal-adjustment,Seasonally adjusted
7.90,7.8,7.9,2019-q3,2019 Q3,K02000001,United Kingdom,worthwhile,Worthwhile,average-mean,Average (mean),non-seasonal-adjustment,Non-seasonally adjusted
3.90,3.6,4.2,2019-q3,2019 Q3,K02000001,United Kingdom,worthwhile,Worthwhile,poor,Poor,non-seasonal-adjustment,Non-seasonally adjusted
39.80,,,2019-q3,2019 Q3,K02000001,United Kingdom,anxiety,Anxiety,very-good,Very good,seasonal-adjustment,Seasonally adjusted
51.30,50.6,52.1,2019-q3,2019 Q3,K02000001,United Kingdom,life-satisfaction,Life satisfaction,good,Good,non-seasonal-adjustment,Non-seasonally adjusted
34.90,,,2019-q3,2019 Q3,K02000001,United Kingdom,worthwhile,Worthwhile,very-good,Very good,seasonal-adjustment,Seasonally adjusted
51.60,,,2019-q3,2019 Q3,K02000001,United Kingdom,life-satisfaction,Life satisfaction,good,Good,seasonal-adjustment,Seasonally adjusted
7.50,,,2019-q3,2019 Q3,K02000001,United Kingdom,happiness,Happiness,average-mean,Average (mean),seasonal-adjustment,Seasonally adjusted
7.90,,,2019-q3,2019 Q3,K02000001,United Kingdom,worthwhile,Worthwhile,average-mean,Average (mean),seasonal-adjustment,Seasonally adjusted
15.90,,,2019-q3,2019 Q3,K02000001,United Kingdom,happiness,Happiness,fair,Fair,seasonal-adjustment,Seasonally adjusted
2.90,2.9,3.0,2019-q3,2019 Q3,K02000001,United Kingdom,anxiety,Anxiety,average-mean,Average (mean),non-seasonal-adjustment,Non-seasonally adjusted
40.20,39.5,41.0,2019-q3,2019 Q3,K02000001,United Kingdom,anxiety,Anxiety,very-good,Very good,non-seasonal-adjustment,Non-seasonally adjusted
20.40,19.8,21.0,2019-q3,2019 Q3,K02000001,United Kingdom,anxiety,Anxiety,poor,Poor,non-seasonal-adjustment,Non-seasonally adjusted
8.60,,,2019-q3,2019 Q3,K02000001,United Kingdom,happiness,Happiness,poor,Poor,seasonal-adjustment,Seasonally adjusted
3.00,,,2019-q3,2019 Q3,K02000001,United Kingdom,anxiety,Anxiety,average-mean,Average (mean),seasonal-adjustment,Seasonally adjusted
8.30,,,2022-q1,2022 Q1,K02000001,United Kingdom,happiness,Happiness,poor,Poor,seasonal-adjustment,Seasonally adjusted
43.00,,,2022-q1,2022 Q1,K02000001,United Kingdom,happiness,Happiness,good,Good,seasonal-adjustment,Seasonally adjusted
7.60,,,2022-q1,2022 Q1,K02000001,United Kingdom,life-satisfaction,Life satisfaction,average-mean,Average (mean),seasonal-adjustment,Seasonally adjusted
7.40,7.4,7.4,2022-q1,2022 Q1,K02000001,United Kingdom,happiness,Happiness,average-mean,Average (mean),non-seasonal-adjustment,Non-seasonally adjusted
25.50,24.7,26.4,2022-q1,2022 Q1,K02000001,United Kingdom,life-satisfaction,Life satisfaction,very-good,Very good,non-seasonal-adjustment,Non-seasonally adjusted
24.20,,,2022-q1,2022 Q1,K02000001,United Kingdom,anxiety,Anxiety,good,Good,seasonal-adjustment,Seasonally adjusted
17.20,,,2022-q1,2022 Q1,K02000001,United Kingdom,happiness,Happiness,fair,Fair,seasonal-adjustment,Seasonally adjusted
30.50,29.6,31.3,2022-q1,2022 Q1,K02000001,United Kingdom,happiness,Happiness,very-good,Very good,non-seasonal-adjustment,Non-seasonally adjusted
32.60,,,2022-q1,2022 Q1,K02000001,United Kingdom,worthwhile,Worthwhile,very-good,Very good,seasonal-adjustment,Seasonally adjusted
8.50,8.0,9.0,2022-q1,2022 Q1,K02000001,United Kingdom,happiness,Happiness,poor,Poor,non-seasonal-adjustment,Non-seasonally adjusted
25.70,,,2022-q1,2022 Q1,K02000001,United Kingdom,life-satisfaction,Life satisfaction,very-good,Very good,seasonal-adjustment,Seasonally adjusted
51.50,50.5,52.4,2022-q1,2022 Q1,K02000001,United Kingdom,worthwhile,Worthwhile,good,Good,non-seasonal-adjustment,Non-seasonally adjusted
32.20,31.3,33.1,2022-q1,2022 Q1,K02000001,United Kingdom,worthwhile,Worthwhile,very-good,Very good,non-seasonal-adjustment,Non-seasonally adjusted
51.50,,,2022-q1,2022 Q1,K02000001,United Kingdom,worthwhile,Worthwhile,good,Good,seasonal-adjustment,Seasonally adjusted
24.20,23.4,25.0,2022-q1,2022 Q1,K02000001,United Kingdom,anxiety,Anxiety,good,Good,non-seasonal-adjustment,Non-seasonally adjusted
43.30,42.3,44.2,2022-q1,2022 Q1,K02000001,United Kingdom,happiness,Happiness,good,Good,non-seasonal-adjustment,Non-seasonally adjusted
31.30,,,2022-q1,2022 Q1,K02000001,United Kingdom,happiness,Happiness,very-good,Very good,seasonal-adjustment,Seasonally adjusted
4.80,4.4,5.1,2022-q1,2022 Q1,K02000001,United Kingdom,life-satisfaction,Life satisfaction,poor,Poor,non-seasonal-adjustment,Non-seasonally adjusted
7.80,7.8,7.8,2022-q1,2022 Q1,K02000001,United Kingdom,worthwhile,Worthwhile,average-mean,Average (mean),non-seasonal-adjustment,Non-seasonally adjusted
3.80,3.5,4.2,2022-q1,2022 Q1,K02000001,United Kingdom,worthwhile,Worthwhile,poor,Poor,non-seasonal-adjustment,Non-seasonally adjusted
14.70,,,2022-q1,2022 Q1,K02000001,United Kingdom,life-satisfaction,Life satisfaction,fair,Fair,seasonal-adjustment,Seasonally adjusted
3.20,3.2,3.3,2022-q1,2022 Q1,K02000001,United Kingdom,anxiety,Anxiety,average-mean,Average (mean),non-seasonal-adjustment,Non-seasonally adjusted
7.40,,,2022-q1,2022 Q1,K02000001,United Kingdom,happiness,Happiness,average-mean,Average (mean),seasonal-adjustment,Seasonally adjusted
4.80,,,2022-q1,2022 Q1,K02000001,United Kingdom,life-satisfaction,Life satisfaction,poor,Poor,seasonal-adjustment,Seasonally adjusted
54.80,,,2022-q1,2022 Q1,K02000001,United Kingdom,life-satisfaction,Life satisfaction,good,Good,seasonal-adjustment,Seasonally adjusted
14.90,14.3,15.6,2022-q1,2022 Q1,K02000001,United Kingdom,life-satisfaction,Life satisfaction,fair,Fair,non-seasonal-adjustment,Non-seasonally adjusted
17.70,17.0,18.5,2022-q1,2022 Q1,K02000001,United Kingdom,happiness,Happiness,fair,Fair,non-seasonal-adjustment,Non-seasonally adjusted
12.60,11.9,13.2,2022-q1,2022 Q1,K02000001,United Kingdom,worthwhile,Worthwhile,fair,Fair,non-seasonal-adjustment,Non-seasonally adjusted
34.70,,,2022-q1,2022 Q1,K02000001,United Kingdom,anxiety,Anxiety,very-good,Very good,seasonal-adjustment,Seasonally adjusted
34.10,33.2,35.0,2022-q1,2022 Q1,K02000001,United Kingdom,anxiety,Anxiety,very-good,Very good,non-seasonal-adjustment,Non-seasonally adjusted
7.80,,,2022-q1,2022 Q1,K02000001,United Kingdom,worthwhile,Worthwhile,average-mean,Average (mean),seasonal-adjustment,Seasonally adjusted
3.80,,,2022-q1,2022 Q1,K02000001,United Kingdom,worthwhile,Worthwhile,poor,Poor,seasonal-adjustment,Seasonally adjusted
17.80,,,2022-q1,2022 Q1,K02000001,United Kingdom,anxiety,Anxiety,fair,Fair,seasonal-adjustment,Seasonally adjusted
12.60,,,2022-q1,2022 Q1,K02000001,United Kingdom,worthwhile,Worthwhile,fair,Fair,seasonal-adjustment,Seasonally adjusted
17.80,17.0,18.5,2022-q1,2022 Q1,K02000001,United Kingdom,anxiety,Anxiety,fair,Fair,non-seasonal-adjustment,Non-seasonally adjusted
54.80,53.8,55.7,2022-q1,2022 Q1,K02000001,United Kingdom,life-satisfaction,Life satisfaction,good,Good,non-seasonal-adjustment,Non-seasonally adjusted
7.50,7.5,7.6,2022-q1,2022 Q1,K02000001,United Kingdom,life-satisfaction,Life satisfaction,average-mean,Average (mean),non-seasonal-adjustment,Non-seasonally adjusted
24.00,23.2,24.8,2022-q1,2022 Q1,K02000001,United Kingdom,anxiety,Anxiety,poor,Poor,non-seasonal-adjustment,Non-seasonally adjusted
23.40,,,2022-q1,2022 Q1,K02000001,United Kingdom,anxiety,Anxiety,poor,Poor,seasonal-adjustment,Seasonally adjusted
3.20,,,2022-q1,2022 Q1,K02000001,United Kingdom,anxiety,Anxiety,average-mean,Average (mean),seasonal-adjustment,Seasonally adjusted
23.00,,,2014-q2,2014 Q2,K02000001,United Kingdom,anxiety,Anxiety,good,Good,seasonal-adjustment,Seasonally adjusted
7.80,,,2014-q2,2014 Q2,K02000001,United Kingdom,worthwhile,Worthwhile,average-mean,Average (mean),seasonal-adjustment,Seasonally adjusted
33.60,,,2014-q2,2014 Q2,K02000001,United Kingdom,happiness,Happiness,very-good,Very good,seasonal-adjustment,Seasonally adjusted
40.70,40.1,41.4,2014-q2,2014 Q2,K02000001,United Kingdom,anxiety,Anxiety,very-good,Very good,non-seasonal-adjustment,Non-seasonally adjusted
2.90,2.8,2.9,2014-q2,2014 Q2,K02000001,United Kingdom,anxiety,Anxiety,average-mean,Average (mean),non-seasonal-adjustment,Non-seasonally adjusted
15.30,,,2014-q2,2014 Q2,K02000001,United Kingdom,life-satisfaction,Life satisfaction,fair,Fair,seasonal-adjustment,Seasonally adjusted
48.90,,,2014-q2,2014 Q2,K02000001,United Kingdom,worthwhile,Worthwhile,good,Good,seasonal-adjustment,Seasonally adjusted
28.80,28.2,29.4,2014-q2,2014 Q2,K02000001,United Kingdom,life-satisfaction,Life satisfaction,very-good,Very good,non-seasonal-adjustment,Non-seasonally adjusted
13.00,,,2014-q2,2014 Q2,K02000001,United Kingdom,worthwhile,Worthwhile,fair,Fair,seasonal-adjustment,Seasonally adjusted
40.50,,,2014-q2,2014 Q2,K02000001,United Kingdom,anxiety,Anxiety,very-good,Very good,seasonal-adjustment,Seasonally adjusted
16.60,,,2014-q2,2014 Q2,K02000001,United Kingdom,anxiety,Anxiety,fair,Fair,seasonal-adjustment,Seasonally adjusted
3.80,,,2014-q2,2014 Q2,K02000001,United Kingdom,worthwhile,Worthwhile,poor,Poor,seasonal-adjustment,Seasonally adjusted
33.80,,,2014-q2,2014 Q2,K02000001,United Kingdom,worthwhile,Worthwhile,very-good,Very good,seasonal-adjustment,Seasonally adjusted
19.80,,,2014-q2,2014 Q2,K02000001,United Kingdom,anxiety,Anxiety,poor,Poor,seasonal-adjustment,Seasonally adjusted
34.30,33.6,34.9,2014-q2,2014 Q2,K02000001,United Kingdom,worthwhile,Worthwhile,very-good,Very good,non-seasonal-adjustment,Non-seasonally adjusted
7.80,7.8,7.8,2014-q2,2014 Q2,K02000001,United Kingdom,worthwhile,Worthwhile,average-mean,Average (mean),non-seasonal-adjustment,Non-seasonally adjusted
3.80,3.6,4.1,2014-q2,2014 Q2,K02000001,United Kingdom,worthwhile,Worthwhile,poor,Poor,non-seasonal-adjustment,Non-seasonally adjusted
48.90,48.2,49.6,2014-q2,2014 Q2,K02000001,United Kingdom,worthwhile,Worthwhile,good,Good,non-seasonal-adjustment,Non-seasonally adjusted
7.60,7.6,7.6,2014-q2,2014 Q2,K02000001,United Kingdom,life-satisfaction,Life satisfaction,average-mean,Average (mean),non-seasonal-adjustment,Non-seasonally adjusted
19.70,19.1,20.2,2014-q2,2014 Q2,K02000001,United Kingdom,anxiety,Anxiety,poor,Poor,non-seasonal-adjustment,Non-seasonally adjusted
7.40,,,2014-q2,2014 Q2,K02000001,United Kingdom,happiness,Happiness,average-mean,Average (mean),seasonal-adjustment,Seasonally adjusted
4.80,,,2014-q2,2014 Q2,K02000001,United Kingdom,life-satisfaction,Life satisfaction,poor,Poor,seasonal-adjustment,Seasonally adjusted
9.20,,,2014-q2,2014 Q2,K02000001,United Kingdom,happiness,Happiness,poor,Poor,seasonal-adjustment,Seasonally adjusted
51.50,,,2014-q2,2014 Q2,K02000001,United Kingdom,life-satisfaction,Life satisfaction,good,Good,seasonal-adjustment,Seasonally adjusted
16.70,,,2014-q2,2014 Q2,K02000001,United Kingdom,happiness,Happiness,fair,Fair,seasonal-adjustment,Seasonally adjusted
4.80,4.5,5.1,2014-q2,2014 Q2,K02000001,United Kingdom,life-satisfaction,Life satisfaction,poor,Poor,non-seasonal-adjustment,Non-seasonally adjusted
51.30,50.6,52.0,2014-q2,2014 Q2,K02000001,United Kingdom,life-satisfaction,Life satisfaction,good,Good,non-seasonal-adjustment,Non-seasonally adjusted
35.00,34.4,35.7,2014-q2,2014 Q2,K02000001,United Kingdom,happiness,Happiness,very-good,Very good,non-seasonal-adjustment,Non-seasonally adjusted
23.00,22.5,23.6,2014-q2,2014 Q2,K02000001,United Kingdom,anxiety,Anxiety,good,Good,non-seasonal-adjustment,Non-seasonally adjusted
40.20,,,2014-q2,2014 Q2,K02000001,United Kingdom,happiness,Happiness,good,Good,seasonal-adjustment,Seasonally adjusted
15.10,14.6,15.6,2014-q2,2014 Q2,K02000001,United Kingdom,life-satisfaction,Life satisfaction,fair,Fair,non-seasonal-adjustment,Non-seasonally adjusted
40.00,39.3,40.6,2014-q2,2014 Q2,K02000001,United Kingdom,happiness,Happiness,good,Good,non-seasonal-adjustment,Non-seasonally adjusted
7.60,,,2014-q2,2014 Q2,K02000001,United Kingdom,life-satisfaction,Life satisfaction,average-mean,Average (mean),seasonal-adjustment,Seasonally adjusted
28.30,,,2014-q2,2014 Q2,K02000001,United Kingdom,life-satisfaction,Life satisfaction,very-good,Very good,seasonal-adjustment,Seasonally adjusted
7.50,7.5,7.5,2014-q2,2014 Q2,K02000001,United Kingdom,happiness,Happiness,average-mean,Average (mean),non-seasonal-adjustment,Non-seasonally adjusted
16.10,15.6,16.6,2014-q2,2014 Q2,K02000001,United Kingdom,happiness,Happiness,fair,Fair,non-seasonal-adjustment,Non-seasonally adjusted
8.90,8.5,9.3,2014-q2,2014 Q2,K02000001,United Kingdom,happiness,Happiness,poor,Poor,non-seasonal-adjustment,Non-seasonally adjusted
16.60,16.1,17.1,2014-q2,2014 Q2,K02000001,United Kingdom,anxiety,Anxiety,fair,Fair,non-seasonal-adjustment,Non-seasonally adjusted
13.00,12.5,13.4,2014-q2,2014 Q2,K02000001,United Kingdom,worthwhile,Worthwhile,fair,Fair,non-seasonal-adjustment,Non-seasonally adjusted
2.90,,,2014-q2,2014 Q2,K02000001,United Kingdom,anxiety,Anxiety,average-mean,Average (mean),seasonal-adjustment,Seasonally adjusted
31.10,,,2023-q2,2023 Q2,K02000001,United Kingdom,happiness,Happiness,very-good,Very good,seasonal-adjustment,Seasonally adjusted
7.50,7.5,7.5,2023-q2,2023 Q2,K02000001,United Kingdom,life-satisfaction,Life satisfaction,average-mean,Average (mean),non-seasonal-adjustment,Non-seasonally adjusted
17.50,,,2023-q2,2023 Q2,K02000001,United Kingdom,happiness,Happiness,fair,Fair,seasonal-adjustment,Seasonally adjusted
54.60,53.4,55.8,2023-q2,2023 Q2,K02000001,United Kingdom,life-satisfaction,Life satisfaction,good,Good,non-seasonal-adjustment,Non-seasonally adjusted
7.50,,,2023-q2,2023 Q2,K02000001,United Kingdom,life-satisfaction,Life satisfaction,average-mean,Average (mean),seasonal-adjustment,Seasonally adjusted
5.10,,,2023-q2,2023 Q2,K02000001,United Kingdom,life-satisfaction,Life satisfaction,poor,Poor,seasonal-adjustment,Seasonally adjusted
24.00,,,2023-q2,2023 Q2,K02000001,United Kingdom,life-satisfaction,Life satisfaction,very-good,Very good,seasonal-adjustment,Seasonally adjusted
23.50,,,2023-q2,2023 Q2,K02000001,United Kingdom,anxiety,Anxiety,good,Good,seasonal-adjustment,Seasonally adjusted
22.90,,,2023-q2,2023 Q2,K02000001,United Kingdom,anxiety,Anxiety,poor,Poor,seasonal-adjustment,Seasonally adjusted
15.60,,,2023-q2,2023 Q2,K02000001,United Kingdom,life-satisfaction,Life satisfaction,fair,Fair,seasonal-adjustment,Seasonally adjusted
55.00,,,2023-q2,2023 Q2,K02000001,United Kingdom,life-satisfaction,Life satisfaction,good,Good,seasonal-adjustment,Seasonally adjusted
49.70,,,2023-q2,2023 Q2,K02000001,United Kingdom,worthwhile,Worthwhile,good,Good,seasonal-adjustment,Seasonally adjusted
32.80,31.8,33.9,2023-q2,2023 Q2,K02000001,United Kingdom,worthwhile,Worthwhile,very-good,Very good,non-seasonal-adjustment,Non-seasonally adjusted
32.60,31.5,33.7,2023-q2,2023 Q2,K02000001,United Kingdom,happiness,Happiness,very-good,Very good,non-seasonal-adjustment,Non-seasonally adjusted
3.90,,,2023-q2,2023 Q2,K02000001,United Kingdom,worthwhile,Worthwhile,poor,Poor,seasonal-adjustment,Seasonally adjusted
13.50,,,2023-q2,2023 Q2,K02000001,United Kingdom,worthwhile,Worthwhile,fair,Fair,seasonal-adjustment,Seasonally adjusted
35.80,34.7,36.9,2023-q2,2023 Q2,K02000001,United Kingdom,anxiety,Anxiety,very-good,Very good,non-seasonal-adjustment,Non-seasonally adjusted
7.80,,,2023-q2,2023 Q2,K02000001,United Kingdom,worthwhile,Worthwhile,average-mean,Average (mean),seasonal-adjustment,Seasonally adjusted
7.80,7.7,7.8,2023-q2,2023 Q2,K02000001,United Kingdom,worthwhile,Worthwhile,average-mean,Average (mean),non-seasonal-adjustment,Non-seasonally adjusted
3.90,3.4,4.4,2023-q2,2023 Q2,K02000001,United Kingdom,worthwhile,Worthwhile,poor,Poor,non-seasonal-adjustment,Non-seasonally adjusted
3.10,3.1,3.2,2023-q2,2023 Q2,K02000001,United Kingdom,anxiety,Anxiety,average-mean,Average (mean),non-seasonal-adjustment,Non-seasonally adjusted
43.00,,,2023-q2,2023 Q2,K02000001,United Kingdom,happiness,Happiness,good,Good,seasonal-adjustment,Seasonally adjusted
49.70,48.6,50.9,2023-q2,2023 Q2,K02000001,United Kingdom,worthwhile,Worthwhile,good,Good,non-seasonal-adjustment,Non-seasonally adjusted
8.20,7.5,8.9,2023-q2,2023 Q2,K02000001,United Kingdom,happiness,Happiness,poor,Poor,non-seasonal-adjustment,Non-seasonally adjusted
16.90,15.9,17.8,2023-q2,2023 Q2,K02000001,United Kingdom,happiness,Happiness,fair,Fair,non-seasonal-adjustment,Non-seasonally adjusted
7.50,7.4,7.5,2023-q2,2023 Q2,K02000001,United Kingdom,happiness,Happiness,average-mean,Average (mean),non-seasonal-adjustment,Non-seasonally adjusted
42.30,41.1,43.5,2023-q2,2023 Q2,K02000001,United Kingdom,happiness,Happiness,good,Good,non-seasonal-adjustment,Non-seasonally adjusted
23.50,22.5,24.5,2023-q2,2023 Q2,K02000001,United Kingdom,anxiety,Anxiety,good,Good,non-seasonal-adjustment,Non-seasonally adjusted
8.50,,,2023-q2,2023 Q2,K02000001,United Kingdom,happiness,Happiness,poor,Poor,seasonal-adjustment,Seasonally adjusted
35.10,,,2023-q2,2023 Q2,K02000001,United Kingdom,anxiety,Anxiety,very-good,Very good,seasonal-adjustment,Seasonally adjusted
18.20,,,2023-q2,2023 Q2,K02000001,United Kingdom,anxiety,Anxiety,fair,Fair,seasonal-adjustment,Seasonally adjusted
7.40,,,2023-q2,2023 Q2,K02000001,United Kingdom,happiness,Happiness,average-mean,Average (mean),seasonal-adjustment,Seasonally adjusted
22.50,21.5,23.5,2023-q2,2023 Q2,K02000001,United Kingdom,anxiety,Anxiety,poor,Poor,non-seasonal-adjustment,Non-seasonally adjusted
32.20,,,2023-q2,2023 Q2,K02000001,United Kingdom,worthwhile,Worthwhile,very-good,Very good,seasonal-adjustment,Seasonally adjusted
3.20,,,2023-q2,2023 Q2,K02000001,United Kingdom,anxiety,Anxiety,average-mean,Average (mean),seasonal-adjustment,Seasonally adjusted
13.50,12.7,14.4,2023-q2,2023 Q2,K02000001,United Kingdom,worthwhile,Worthwhile,fair,Fair,non-seasonal-adjustment,Non-seasonally adjusted
5.10,4.6,5.5,2023-q2,2023 Q2,K02000001,United Kingdom,life-satisfaction,Life satisfaction,poor,Poor,non-seasonal-adjustment,Non-seasonally adjusted
15.70,14.8,16.6,2023-q2,2023 Q2,K02000001,United Kingdom,life-satisfaction,Life satisfaction,fair,Fair,non-seasonal-adjustment,Non-seasonally adjusted
18.20,17.3,19.2,2023-q2,2023 Q2,K02000001,United Kingdom,anxiety,Anxiety,fair,Fair,non-seasonal-adjustment,Non-seasonally adjusted
24.70,23.6,25.7,2023-q2,2023 Q2,K02000001,United Kingdom,life-satisfaction,Life satisfaction,very-good,Very good,non-seasonal-adjustment,Non-seasonally adjusted
24.00,,,2013-q4,2013 Q4,K02000001,United Kingdom,anxiety,Anxiety,good,Good,seasonal-adjustment,Seasonally adjusted
14.40,,,2013-q4,2013 Q4,K02000001,United Kingdom,worthwhile,Worthwhile,fair,Fair,seasonal-adjustment,Seasonally adjusted
16.80,,,2013-q4,2013 Q4,K02000001,United Kingdom,happiness,Happiness,fair,Fair,seasonal-adjustment,Seasonally adjusted
7.40,,,2013-q4,2013 Q4,K02000001,United Kingdom,happiness,Happiness,average-mean,Average (mean),seasonal-adjustment,Seasonally adjusted
33.00,,,2013-q4,2013 Q4,K02000001,United Kingdom,happiness,Happiness,very-good,Very good,seasonal-adjustment,Seasonally adjusted
40.80,40.2,41.5,2013-q4,2013 Q4,K02000001,United Kingdom,happiness,Happiness,good,Good,non-seasonal-adjustment,Non-seasonally adjusted
7.70,,,2013-q4,2013 Q4,K02000001,United Kingdom,worthwhile,Worthwhile,average-mean,Average (mean),seasonal-adjustment,Seasonally adjusted
10.10,9.7,10.5,2013-q4,2013 Q4,K02000001,United Kingdom,happiness,Happiness,poor,Poor,non-seasonal-adjustment,Non-seasonally adjusted
32.30,,,2013-q4,2013 Q4,K02000001,United Kingdom,worthwhile,Worthwhile,very-good,Very good,seasonal-adjustment,Seasonally adjusted
14.40,13.9,14.8,2013-q4,2013 Q4,K02000001,United Kingdom,worthwhile,Worthwhile,fair,Fair,non-seasonal-adjustment,Non-seasonally adjusted
16.80,,,2013-q4,2013 Q4,K02000001,United Kingdom,anxiety,Anxiety,fair,Fair,seasonal-adjustment,Seasonally adjusted
31.90,31.3,32.5,2013-q4,2013 Q4,K02000001,United Kingdom,happiness,Happiness,very-good,Very good,non-seasonal-adjustment,Non-seasonally adjusted
7.70,7.7,7.7,2013-q4,2013 Q4,K02000001,United Kingdom,worthwhile,Worthwhile,average-mean,Average (mean),non-seasonal-adjustment,Non-seasonally adjusted
5.70,5.4,6.0,2013-q4,2013 Q4,K02000001,United Kingdom,life-satisfaction,Life satisfaction,poor,Poor,non-seasonal-adjustment,Non-seasonally adjusted
38.40,37.8,39.1,2013-q4,2013 Q4,K02000001,United Kingdom,anxiety,Anxiety,very-good,Very good,non-seasonal-adjustment,Non-seasonally adjusted
5.70,,,2013-q4,2013 Q4,K02000001,United Kingdom,life-satisfaction,Life satisfaction,poor,Poor,seasonal-adjustment,Seasonally adjusted
7.50,,,2013-q4,2013 Q4,K02000001,United Kingdom,life-satisfaction,Life satisfaction,average-mean,Average (mean),seasonal-adjustment,Seasonally adjusted
51.70,,,2013-q4,2013 Q4,K02000001,United Kingdom,life-satisfaction,Life satisfaction,good,Good,seasonal-adjustment,Seasonally adjusted
16.00,,,2013-q4,2013 Q4,K02000001,United Kingdom,life-satisfaction,Life satisfaction,fair,Fair,seasonal-adjustment,Seasonally adjusted
7.50,7.5,7.5,2013-q4,2013 Q4,K02000001,United Kingdom,life-satisfaction,Life satisfaction,average-mean,Average (mean),non-seasonal-adjustment,Non-seasonally adjusted
3.00,3.0,3.0,2013-q4,2013 Q4,K02000001,United Kingdom,anxiety,Anxiety,average-mean,Average (mean),non-seasonal-adjustment,Non-seasonally adjusted
16.80,16.3,17.3,2013-q4,2013 Q4,K02000001,United Kingdom,anxiety,Anxiety,fair,Fair,non-seasonal-adjustment,Non-seasonally adjusted
20.70,20.2,21.3,2013-q4,2013 Q4,K02000001,United Kingdom,anxiety,Anxiety,poor,Poor,non-seasonal-adjustment,Non-seasonally adjusted
40.60,,,2013-q4,2013 Q4,K02000001,United Kingdom,happiness,Happiness,good,Good,seasonal-adjustment,Seasonally adjusted
39.00,,,2013-q4,2013 Q4,K02000001,United Kingdom,anxiety,Anxiety,very-good,Very good,seasonal-adjustment,Seasonally adjusted
32.00,31.4,32.6,2013-q4,2013 Q4,K02000001,United Kingdom,worthwhile,Worthwhile,very-good,Very good,non-seasonal-adjustment,Non-seasonally adjusted
24.00,23.4,24.6,2013-q4,2013 Q4,K02000001,United Kingdom,anxiety,Anxiety,good,Good,non-seasonal-adjustment,Non-seasonally adjusted
51.80,51.2,52.5,2013-q4,2013 Q4,K02000001,United Kingdom,life-satisfaction,Life satisfaction,good,Good,non-seasonal-adjustment,Non-seasonally adjusted
9.70,,,2013-q4,2013 Q4,K02000001,United Kingdom,happiness,Happiness,poor,Poor,seasonal-adjustment,Seasonally adjusted
4.10,,,2013-q4,2013 Q4,K02000001,United Kingdom,worthwhile,Worthwhile,poor,Poor,seasonal-adjustment,Seasonally adjusted
4.10,3.9,4.4,2013-q4,2013 Q4,K02000001,United Kingdom,worthwhile,Worthwhile,poor,Poor,non-seasonal-adjustment,Non-seasonally adjusted
49.50,48.8,50.2,2013-q4,2013 Q4,K02000001,United Kingdom,worthwhile,Worthwhile,good,Good,non-seasonal-adjustment,Non-seasonally adjusted
16.10,15.6,16.6,2013-q4,2013 Q4,K02000001,United Kingdom,life-satisfaction,Life satisfaction,fair,Fair,non-seasonal-adjustment,Non-seasonally adjusted
26.30,25.7,26.9,2013-q4,2013 Q4,K02000001,United Kingdom,life-satisfaction,Life satisfaction,very-good,Very good,non-seasonal-adjustment,Non-seasonally adjusted
49.50,,,2013-q4,2013 Q4,K02000001,United Kingdom,worthwhile,Worthwhile,good,Good,seasonal-adjustment,Seasonally adjusted
20.40,,,2013-q4,2013 Q4,K02000001,United Kingdom,anxiety,Anxiety,poor,Poor,seasonal-adjustment,Seasonally adjusted
17.20,16.7,17.7,2013-q4,2013 Q4,K02000001,United Kingdom,happiness,Happiness,fair,Fair,non-seasonal-adjustment,Non-seasonally adjusted
7.30,7.3,7.4,2013-q4,2013 Q4,K02000001,United Kingdom,happiness,Happiness,average-mean,Average (mean),non-seasonal-adjustment,Non-seasonally adjusted
26.60,,,2013-q4,2013 Q4,K02000001,United Kingdom,life-satisfaction,Life satisfaction,very-good,Very good,seasonal-adjustment,Seasonally adjusted
3.00,,,2013-q4,2013 Q4,K02000001,United Kingdom,anxiety,Anxiety,average-mean,Average (mean),seasonal-adjustment,Seasonally adjusted
49.20,48.5,49.9,2013-q3,2013 Q3,K02000001,United Kingdom,worthwhile,Worthwhile,good,Good,non-seasonal-adjustment,Non-seasonally adjusted
9.70,,,2013-q3,2013 Q3,K02000001,United Kingdom,happiness,Happiness,poor,Poor,seasonal-adjustment,Seasonally adjusted
33.10,,,2013-q3,2013 Q3,K02000001,United Kingdom,happiness,Happiness,very-good,Very good,seasonal-adjustment,Seasonally adjusted
4.20,4.0,4.5,2013-q3,2013 Q3,K02000001,United Kingdom,worthwhile,Worthwhile,poor,Poor,non-seasonal-adjustment,Non-seasonally adjusted
7.40,,,2013-q3,2013 Q3,K02000001,United Kingdom,happiness,Happiness,average-mean,Average (mean),seasonal-adjustment,Seasonally adjusted
24.20,23.6,24.7,2013-q3,2013 Q3,K02000001,United Kingdom,anxiety,Anxiety,good,Good,non-seasonal-adjustment,Non-seasonally adjusted
7.50,,,2013-q3,2013 Q3,K02000001,United Kingdom,life-satisfaction,Life satisfaction,average-mean,Average (mean),seasonal-adjustment,Seasonally adjusted
5.60,,,2013-q3,2013 Q3,K02000001,United Kingdom,life-satisfaction,Life satisfaction,poor,Poor,seasonal-adjustment,Seasonally adjusted
27.50,26.9,28.1,2013-q3,2013 Q3,K02000001,United Kingdom,life-satisfaction,Life satisfaction,very-good,Very good,non-seasonal-adjustment,Non-seasonally adjusted
15.90,15.4,16.4,2013-q3,2013 Q3,K02000001,United Kingdom,life-satisfaction,Life satisfaction,fair,Fair,non-seasonal-adjustment,Non-seasonally adjusted
34.00,33.4,34.6,2013-q3,2013 Q3,K02000001,United Kingdom,happiness,Happiness,very-good,Very good,non-seasonal-adjustment,Non-seasonally adjusted
7.70,,,2013-q3,2013 Q3,K02000001,United Kingdom,worthwhile,Worthwhile,average-mean,Average (mean),seasonal-adjustment,Seasonally adjusted
49.20,,,2013-q3,2013 Q3,K02000001,United Kingdom,worthwhile,Worthwhile,good,Good,seasonal-adjustment,Seasonally adjusted
16.50,16.0,17.0,2013-q3,2013 Q3,K02000001,United Kingdom,happiness,Happiness,fair,Fair,non-seasonal-adjustment,Non-seasonally adjusted
40.40,39.7,41.1,2013-q3,2013 Q3,K02000001,United Kingdom,anxiety,Anxiety,very-good,Very good,non-seasonal-adjustment,Non-seasonally adjusted
16.30,15.9,16.8,2013-q3,2013 Q3,K02000001,United Kingdom,anxiety,Anxiety,fair,Fair,non-seasonal-adjustment,Non-seasonally adjusted
13.80,,,2013-q3,2013 Q3,K02000001,United Kingdom,worthwhile,Worthwhile,fair,Fair,seasonal-adjustment,Seasonally adjusted
24.20,,,2013-q3,2013 Q3,K02000001,United Kingdom,anxiety,Anxiety,good,Good,seasonal-adjustment,Seasonally adjusted
16.30,,,2013-q3,2013 Q3,K02000001,United Kingdom,anxiety,Anxiety,fair,Fair,seasonal-adjustment,Seasonally adjusted
13.80,13.3,14.2,2013-q3,2013 Q3,K02000001,United Kingdom,worthwhile,Worthwhile,fair,Fair,non-seasonal-adjustment,Non-seasonally adjusted
9.40,9.0,9.8,2013-q3,2013 Q3,K02000001,United Kingdom,happiness,Happiness,poor,Poor,non-seasonal-adjustment,Non-seasonally adjusted
2.90,2.8,2.9,2013-q3,2013 Q3,K02000001,United Kingdom,anxiety,Anxiety,average-mean,Average (mean),non-seasonal-adjustment,Non-seasonally adjusted
51.40,,,2013-q3,2013 Q3,K02000001,United Kingdom,life-satisfaction,Life satisfaction,good,Good,seasonal-adjustment,Seasonally adjusted
27.20,,,2013-q3,2013 Q3,K02000001,United Kingdom,life-satisfaction,Life satisfaction,very-good,Very good,seasonal-adjustment,Seasonally adjusted
39.80,,,2013-q3,2013 Q3,K02000001,United Kingdom,anxiety,Anxiety,very-good,Very good,seasonal-adjustment,Seasonally adjusted
2.90,,,2013-q3,2013 Q3,K02000001,United Kingdom,anxiety,Anxiety,average-mean,Average (mean),seasonal-adjustment,Seasonally adjusted
32.80,32.2,33.4,2013-q3,2013 Q3,K02000001,United Kingdom,worthwhile,Worthwhile,very-good,Very good,non-seasonal-adjustment,Non-seasonally adjusted
19.10,18.6,19.6,2013-q3,2013 Q3,K02000001,United Kingdom,anxiety,Anxiety,poor,Poor,non-seasonal-adjustment,Non-seasonally adjusted
51.00,50.4,51.7,2013-q3,2013 Q3,K02000001,United Kingdom,life-satisfaction,Life satisfaction,good,Good,non-seasonal-adjustment,Non-seasonally adjusted
5.60,5.3,5.9,2013-q3,2013 Q3,K02000001,United Kingdom,life-satisfaction,Life satisfaction,poor,Poor,non-seasonal-adjustment,Non-seasonally adjusted
16.80,,,2013-q3,2013 Q3,K02000001,United Kingdom,happiness,Happiness,fair,Fair,seasonal-adjustment,Seasonally adjusted
40.60,,,2013-q3,2013 Q3,K02000001,United Kingdom,happiness,Happiness,good,Good,seasonal-adjustment,Seasonally adjusted
16.00,,,2013-q3,2013 Q3,K02000001,United Kingdom,life-satisfaction,Life satisfaction,fair,Fair,seasonal-adjustment,Seasonally adjusted
4.20,,,2013-q3,2013 Q3,K02000001,United Kingdom,worthwhile,Worthwhile,poor,Poor,seasonal-adjustment,Seasonally adjusted
7.70,7.7,7.8,2013-q3,2013 Q3,K02000001,United Kingdom,worthwhile,Worthwhile,average-mean,Average (mean),non-seasonal-adjustment,Non-seasonally adjusted
32.60,,,2013-q3,2013 Q3,K02000001,United Kingdom,worthwhile,Worthwhile,very-good,Very good,seasonal-adjustment,Seasonally adjusted
40.20,39.5,40.8,2013-q3,2013 Q3,K02000001,United Kingdom,happiness,Happiness,good,Good,non-seasonal-adjustment,Non-seasonally adjusted
7.40,7.4,7.5,2013-q3,2013 Q3,K02000001,United Kingdom,happiness,Happiness,average-mean,Average (mean),non-seasonal-adjustment,Non-seasonally adjusted
7.50,7.5,7.5,2013-q3,2013 Q3,K02000001,United Kingdom,life-satisfaction,Life satisfaction,average-mean,Average (mean),non-seasonal-adjustment,Non-seasonally adjusted
19.50,,,2013-q3,2013 Q3,K02000001,United Kingdom,anxiety,Anxiety,poor,Poor,seasonal-adjustment,Seasonally adjusted
31.70,,,2012-q1,2012 Q1,K02000001,United Kingdom,worthwhile,Worthwhile,very-good,Very good,seasonal-adjustment,Seasonally adjusted
7.70,7.7,7.7,2012-q1,2012 Q1,K02000001,United Kingdom,worthwhile,Worthwhile,average-mean,Average (mean),non-seasonal-adjustment,Non-seasonally adjusted
31.50,30.9,32.1,2012-q1,2012 Q1,K02000001,United Kingdom,worthwhile,Worthwhile,very-good,Very good,non-seasonal-adjustment,Non-seasonally adjusted
37.90,,,2012-q1,2012 Q1,K02000001,United Kingdom,anxiety,Anxiety,very-good,Very good,seasonal-adjustment,Seasonally adjusted
4.60,4.4,4.9,2012-q1,2012 Q1,K02000001,United Kingdom,worthwhile,Worthwhile,poor,Poor,non-seasonal-adjustment,Non-seasonally adjusted
26.00,25.4,26.6,2012-q1,2012 Q1,K02000001,United Kingdom,life-satisfaction,Life satisfaction,very-good,Very good,non-seasonal-adjustment,Non-seasonally adjusted
17.40,,,2012-q1,2012 Q1,K02000001,United Kingdom,happiness,Happiness,fair,Fair,seasonal-adjustment,Seasonally adjusted
32.80,,,2012-q1,2012 Q1,K02000001,United Kingdom,happiness,Happiness,very-good,Very good,seasonal-adjustment,Seasonally adjusted
18.00,17.5,18.5,2012-q1,2012 Q1,K02000001,United Kingdom,anxiety,Anxiety,fair,Fair,non-seasonal-adjustment,Non-seasonally adjusted
7.70,,,2012-q1,2012 Q1,K02000001,United Kingdom,worthwhile,Worthwhile,average-mean,Average (mean),seasonal-adjustment,Seasonally adjusted
14.90,,,2012-q1,2012 Q1,K02000001,United Kingdom,worthwhile,Worthwhile,fair,Fair,seasonal-adjustment,Seasonally adjusted
23.30,,,2012-q1,2012 Q1,K02000001,United Kingdom,anxiety,Anxiety,good,Good,seasonal-adjustment,Seasonally adjusted
20.90,,,2012-q1,2012 Q1,K02000001,United Kingdom,anxiety,Anxiety,poor,Poor,seasonal-adjustment,Seasonally adjusted
7.30,,,2012-q1,2012 Q1,K02000001,United Kingdom,happiness,Happiness,average-mean,Average (mean),seasonal-adjustment,Seasonally adjusted
10.90,10.5,11.3,2012-q1,2012 Q1,K02000001,United Kingdom,happiness,Happiness,poor,Poor,non-seasonal-adjustment,Non-seasonally adjusted
31.50,30.9,32.1,2012-q1,2012 Q1,K02000001,United Kingdom,happiness,Happiness,very-good,Very good,non-seasonal-adjustment,Non-seasonally adjusted
3.10,3.0,3.1,2012-q1,2012 Q1,K02000001,United Kingdom,anxiety,Anxiety,average-mean,Average (mean),non-seasonal-adjustment,Non-seasonally adjusted
21.10,20.6,21.6,2012-q1,2012 Q1,K02000001,United Kingdom,anxiety,Anxiety,poor,Poor,non-seasonal-adjustment,Non-seasonally adjusted
49.80,49.2,50.5,2012-q1,2012 Q1,K02000001,United Kingdom,life-satisfaction,Life satisfaction,good,Good,non-seasonal-adjustment,Non-seasonally adjusted
6.40,,,2012-q1,2012 Q1,K02000001,United Kingdom,life-satisfaction,Life satisfaction,poor,Poor,seasonal-adjustment,Seasonally adjusted
49.30,,,2012-q1,2012 Q1,K02000001,United Kingdom,life-satisfaction,Life satisfaction,good,Good,seasonal-adjustment,Seasonally adjusted
14.90,14.4,15.4,2012-q1,2012 Q1,K02000001,United Kingdom,worthwhile,Worthwhile,fair,Fair,non-seasonal-adjustment,Non-seasonally adjusted
37.70,37.1,38.3,2012-q1,2012 Q1,K02000001,United Kingdom,anxiety,Anxiety,very-good,Very good,non-seasonal-adjustment,Non-seasonally adjusted
3.00,,,2012-q1,2012 Q1,K02000001,United Kingdom,anxiety,Anxiety,average-mean,Average (mean),seasonal-adjustment,Seasonally adjusted
18.00,,,2012-q1,2012 Q1,K02000001,United Kingdom,anxiety,Anxiety,fair,Fair,seasonal-adjustment,Seasonally adjusted
17.80,17.3,18.3,2012-q1,2012 Q1,K02000001,United Kingdom,life-satisfaction,Life satisfaction,fair,Fair,non-seasonal-adjustment,Non-seasonally adjusted
26.40,,,2012-q1,2012 Q1,K02000001,United Kingdom,life-satisfaction,Life satisfaction,very-good,Very good,seasonal-adjustment,Seasonally adjusted
10.60,,,2012-q1,2012 Q1,K02000001,United Kingdom,happiness,Happiness,poor,Poor,seasonal-adjustment,Seasonally adjusted
39.20,,,2012-q1,2012 Q1,K02000001,United Kingdom,happiness,Happiness,good,Good,seasonal-adjustment,Seasonally adjusted
6.40,6.1,6.7,2012-q1,2012 Q1,K02000001,United Kingdom,life-satisfaction,Life satisfaction,poor,Poor,non-seasonal-adjustment,Non-seasonally adjusted
49.00,,,2012-q1,2012 Q1,K02000001,United Kingdom,worthwhile,Worthwhile,good,Good,seasonal-adjustment,Seasonally adjusted
39.80,39.1,40.4,2012-q1,2012 Q1,K02000001,United Kingdom,happiness,Happiness,good,Good,non-seasonal-adjustment,Non-seasonally adjusted
17.90,17.4,18.4,2012-q1,2012 Q1,K02000001,United Kingdom,happiness,Happiness,fair,Fair,non-seasonal-adjustment,Non-seasonally adjusted
7.30,7.3,7.3,2012-q1,2012 Q1,K02000001,United Kingdom,happiness,Happiness,average-mean,Average (mean),non-seasonal-adjustment,Non-seasonally adjusted
7.40,,,2012-q1,2012 Q1,K02000001,United Kingdom,life-satisfaction,Life satisfaction,average-mean,Average (mean),seasonal-adjustment,Seasonally adjusted
17.60,,,2012-q1,2012 Q1,K02000001,United Kingdom,life-satisfaction,Life satisfaction,fair,Fair,seasonal-adjustment,Seasonally adjusted
4.60,,,2012-q1,2012 Q1,K02000001,United Kingdom,worthwhile,Worthwhile,poor,Poor,seasonal-adjustment,Seasonally adjusted
7.40,7.4,7.4,2012-q1,2012 Q1,K02000001,United Kingdom,life-satisfaction,Life satisfaction,average-mean,Average (mean),non-seasonal-adjustment,Non-seasonally adjusted
49.00,48.3,49.6,2012-q1,2012 Q1,K02000001,United Kingdom,worthwhile,Worthwhile,good,Good,non-seasonal-adjustment,Non-seasonally adjusted
23.30,22.7,23.8,2012-q1,2012 Q1,K02000001,United Kingdom,anxiety,Anxiety,good,Good,non-seasonal-adjustment,Non-seasonally adjusted
13.00,12.6,13.5,2014-q3,2014 Q3,K02000001,United Kingdom,worthwhile,Worthwhile,fair,Fair,non-seasonal-adjustment,Non-seasonally adjusted
16.70,,,2014-q3,2014 Q3,K02000001,United Kingdom,anxiety,Anxiety,fair,Fair,seasonal-adjustment,Seasonally adjusted
2.90,,,2014-q3,2014 Q3,K02000001,United Kingdom,anxiety,Anxiety,average-mean,Average (mean),seasonal-adjustment,Seasonally adjusted
9.00,,,2014-q3,2014 Q3,K02000001,United Kingdom,happiness,Happiness,poor,Poor,seasonal-adjustment,Seasonally adjusted
33.80,33.2,34.4,2014-q3,2014 Q3,K02000001,United Kingdom,worthwhile,Worthwhile,very-good,Very good,non-seasonal-adjustment,Non-seasonally adjusted
19.40,18.9,20.0,2014-q3,2014 Q3,K02000001,United Kingdom,anxiety,Anxiety,poor,Poor,non-seasonal-adjustment,Non-seasonally adjusted
51.70,51.0,52.3,2014-q3,2014 Q3,K02000001,United Kingdom,life-satisfaction,Life satisfaction,good,Good,non-seasonal-adjustment,Non-seasonally adjusted
33.80,,,2014-q3,2014 Q3,K02000001,United Kingdom,happiness,Happiness,very-good,Very good,seasonal-adjustment,Seasonally adjusted
7.80,,,2014-q3,2014 Q3,K02000001,United Kingdom,worthwhile,Worthwhile,average-mean,Average (mean),seasonal-adjustment,Seasonally adjusted
19.80,,,2014-q3,2014 Q3,K02000001,United Kingdom,anxiety,Anxiety,poor,Poor,seasonal-adjustment,Seasonally adjusted
7.40,,,2014-q3,2014 Q3,K02000001,United Kingdom,happiness,Happiness,average-mean,Average (mean),seasonal-adjustment,Seasonally adjusted
49.20,,,2014-q3,2014 Q3,K02000001,United Kingdom,worthwhile,Worthwhile,good,Good,seasonal-adjustment,Seasonally adjusted
33.60,,,2014-q3,2014 Q3,K02000001,United Kingdom,worthwhile,Worthwhile,very-good,Very good,seasonal-adjustment,Seasonally adjusted
3.90,,,2014-q3,2014 Q3,K02000001,United Kingdom,worthwhile,Worthwhile,poor,Poor,seasonal-adjustment,Seasonally adjusted
49.20,48.6,49.9,2014-q3,2014 Q3,K02000001,United Kingdom,worthwhile,Worthwhile,good,Good,non-seasonal-adjustment,Non-seasonally adjusted
8.70,8.3,9.1,2014-q3,2014 Q3,K02000001,United Kingdom,happiness,Happiness,poor,Poor,non-seasonal-adjustment,Non-seasonally adjusted
16.30,15.8,16.8,2014-q3,2014 Q3,K02000001,United Kingdom,happiness,Happiness,fair,Fair,non-seasonal-adjustment,Non-seasonally adjusted
40.40,39.7,41.1,2014-q3,2014 Q3,K02000001,United Kingdom,happiness,Happiness,good,Good,non-seasonal-adjustment,Non-seasonally adjusted
3.90,3.6,4.2,2014-q3,2014 Q3,K02000001,United Kingdom,worthwhile,Worthwhile,poor,Poor,non-seasonal-adjustment,Non-seasonally adjusted
16.70,16.1,17.2,2014-q3,2014 Q3,K02000001,United Kingdom,anxiety,Anxiety,fair,Fair,non-seasonal-adjustment,Non-seasonally adjusted
40.50,39.8,41.2,2014-q3,2014 Q3,K02000001,United Kingdom,anxiety,Anxiety,very-good,Very good,non-seasonal-adjustment,Non-seasonally adjusted
23.40,,,2014-q3,2014 Q3,K02000001,United Kingdom,anxiety,Anxiety,good,Good,seasonal-adjustment,Seasonally adjusted
7.60,,,2014-q3,2014 Q3,K02000001,United Kingdom,life-satisfaction,Life satisfaction,average-mean,Average (mean),seasonal-adjustment,Seasonally adjusted
2.90,2.8,2.9,2014-q3,2014 Q3,K02000001,United Kingdom,anxiety,Anxiety,average-mean,Average (mean),non-seasonal-adjustment,Non-seasonally adjusted
23.40,22.8,24.0,2014-q3,2014 Q3,K02000001,United Kingdom,anxiety,Anxiety,good,Good,non-seasonal-adjustment,Non-seasonally adjusted
7.60,7.6,7.6,2014-q3,2014 Q3,K02000001,United Kingdom,life-satisfaction,Life satisfaction,average-mean,Average (mean),non-seasonal-adjustment,Non-seasonally adjusted
14.90,14.4,15.4,2014-q3,2014 Q3,K02000001,United Kingdom,life-satisfaction,Life satisfaction,fair,Fair,non-seasonal-adjustment,Non-seasonally adjusted
52.10,,,2014-q3,2014 Q3,K02000001,United Kingdom,life-satisfaction,Life satisfaction,good,Good,seasonal-adjustment,Seasonally adjusted
28.20,,,2014-q3,2014 Q3,K02000001,United Kingdom,life-satisfaction,Life satisfaction,very-good,Very good,seasonal-adjustment,Seasonally adjusted
7.80,7.8,7.8,2014-q3,2014 Q3,K02000001,United Kingdom,worthwhile,Worthwhile,average-mean,Average (mean),non-seasonal-adjustment,Non-seasonally adjusted
40.80,,,2014-q3,2014 Q3,K02000001,United Kingdom,happiness,Happiness,good,Good,seasonal-adjustment,Seasonally adjusted
15.00,,,2014-q3,2014 Q3,K02000001,United Kingdom,life-satisfaction,Life satisfaction,fair,Fair,seasonal-adjustment,Seasonally adjusted
13.00,,,2014-q3,2014 Q3,K02000001,United Kingdom,worthwhile,Worthwhile,fair,Fair,seasonal-adjustment,Seasonally adjusted
28.40,27.8,29.1,2014-q3,2014 Q3,K02000001,United Kingdom,life-satisfaction,Life satisfaction,very-good,Very good,non-seasonal-adjustment,Non-seasonally adjusted
7.50,7.5,7.5,2014-q3,2014 Q3,K02000001,United Kingdom,happiness,Happiness,average-mean,Average (mean),non-seasonal-adjustment,Non-seasonally adjusted
34.60,34.0,35.3,2014-q3,2014 Q3,K02000001,United Kingdom,happiness,Happiness,very-good,Very good,non-seasonal-adjustment,Non-seasonally adjusted
5.00,,,2014-q3,2014 Q3,K02000001,United Kingdom,life-satisfaction,Life satisfaction,poor,Poor,seasonal-adjustment,Seasonally adjusted
16.60,,,2014-q3,2014 Q3,K02000001,United Kingdom,happiness,Happiness,fair,Fair,seasonal-adjustment,Seasonally adjusted
5.00,4.7,5.2,2014-q3,2014 Q3,K02000001,United Kingdom,life-satisfaction,Life satisfaction,poor,Poor,non-seasonal-adjustment,Non-seasonally adjusted
39.90,,,2014-q3,2014 Q3,K02000001,United Kingdom,anxiety,Anxiety,very-good,Very good,seasonal-adjustment,Seasonally adjusted
52.20,,,2021-q1,2021 Q1,K02000001,United Kingdom,life-satisfaction,Life satisfaction,good,Good,seasonal-adjustment,Seasonally adjusted
19.40,,,2021-q1,2021 Q1,K02000001,United Kingdom,life-satisfaction,Life satisfaction,fair,Fair,seasonal-adjustment,Seasonally adjusted
21.90,,,2021-q1,2021 Q1,K02000001,United Kingdom,life-satisfaction,Life satisfaction,very-good,Very good,seasonal-adjustment,Seasonally adjusted
7.30,,,2021-q1,2021 Q1,K02000001,United Kingdom,life-satisfaction,Life satisfaction,average-mean,Average (mean),seasonal-adjustment,Seasonally adjusted
9.10,8.6,9.6,2021-q1,2021 Q1,K02000001,United Kingdom,happiness,Happiness,poor,Poor,non-seasonal-adjustment,Non-seasonally adjusted
52.20,51.3,53.1,2021-q1,2021 Q1,K02000001,United Kingdom,life-satisfaction,Life satisfaction,good,Good,non-seasonal-adjustment,Non-seasonally adjusted
4.40,,,2021-q1,2021 Q1,K02000001,United Kingdom,worthwhile,Worthwhile,poor,Poor,seasonal-adjustment,Seasonally adjusted
7.70,7.6,7.7,2021-q1,2021 Q1,K02000001,United Kingdom,worthwhile,Worthwhile,average-mean,Average (mean),non-seasonal-adjustment,Non-seasonally adjusted
30.80,29.9,31.6,2021-q1,2021 Q1,K02000001,United Kingdom,worthwhile,Worthwhile,very-good,Very good,non-seasonal-adjustment,Non-seasonally adjusted
4.40,4.1,4.8,2021-q1,2021 Q1,K02000001,United Kingdom,worthwhile,Worthwhile,poor,Poor,non-seasonal-adjustment,Non-seasonally adjusted
49.90,,,2021-q1,2021 Q1,K02000001,United Kingdom,worthwhile,Worthwhile,good,Good,seasonal-adjustment,Seasonally adjusted
6.40,,,2021-q1,2021 Q1,K02000001,United Kingdom,life-satisfaction,Life satisfaction,poor,Poor,seasonal-adjustment,Seasonally adjusted
7.30,7.2,7.3,2021-q1,2021 Q1,K02000001,United Kingdom,happiness,Happiness,average-mean,Average (mean),non-seasonal-adjustment,Non-seasonally adjusted
49.90,49.0,50.8,2021-q1,2021 Q1,K02000001,United Kingdom,worthwhile,Worthwhile,good,Good,non-seasonal-adjustment,Non-seasonally adjusted
14.90,,,2021-q1,2021 Q1,K02000001,United Kingdom,worthwhile,Worthwhile,fair,Fair,seasonal-adjustment,Seasonally adjusted
24.90,24.1,25.7,2021-q1,2021 Q1,K02000001,United Kingdom,anxiety,Anxiety,good,Good,non-seasonal-adjustment,Non-seasonally adjusted
27.60,26.8,28.4,2021-q1,2021 Q1,K02000001,United Kingdom,happiness,Happiness,very-good,Very good,non-seasonal-adjustment,Non-seasonally adjusted
19.70,19.0,20.4,2021-q1,2021 Q1,K02000001,United Kingdom,life-satisfaction,Life satisfaction,fair,Fair,non-seasonal-adjustment,Non-seasonally adjusted
8.90,,,2021-q1,2021 Q1,K02000001,United Kingdom,happiness,Happiness,poor,Poor,seasonal-adjustment,Seasonally adjusted
31.20,,,2021-q1,2021 Q1,K02000001,United Kingdom,worthwhile,Worthwhile,very-good,Very good,seasonal-adjustment,Seasonally adjusted
19.10,18.4,19.8,2021-q1,2021 Q1,K02000001,United Kingdom,happiness,Happiness,fair,Fair,non-seasonal-adjustment,Non-seasonally adjusted
44.20,43.3,45.1,2021-q1,2021 Q1,K02000001,United Kingdom,happiness,Happiness,good,Good,non-seasonal-adjustment,Non-seasonally adjusted
6.40,6.0,6.8,2021-q1,2021 Q1,K02000001,United Kingdom,life-satisfaction,Life satisfaction,poor,Poor,non-seasonal-adjustment,Non-seasonally adjusted
18.40,17.7,19.1,2021-q1,2021 Q1,K02000001,United Kingdom,anxiety,Anxiety,fair,Fair,non-seasonal-adjustment,Non-seasonally adjusted
33.70,32.8,34.5,2021-q1,2021 Q1,K02000001,United Kingdom,anxiety,Anxiety,very-good,Very good,non-seasonal-adjustment,Non-seasonally adjusted
23.00,22.3,23.8,2021-q1,2021 Q1,K02000001,United Kingdom,anxiety,Anxiety,poor,Poor,non-seasonal-adjustment,Non-seasonally adjusted
34.20,,,2021-q1,2021 Q1,K02000001,United Kingdom,anxiety,Anxiety,very-good,Very good,seasonal-adjustment,Seasonally adjusted
18.40,,,2021-q1,2021 Q1,K02000001,United Kingdom,anxiety,Anxiety,fair,Fair,seasonal-adjustment,Seasonally adjusted
7.70,,,2021-q1,2021 Q1,K02000001,United Kingdom,worthwhile,Worthwhile,average-mean,Average (mean),seasonal-adjustment,Seasonally adjusted
24.90,,,2021-q1,2021 Q1,K02000001,United Kingdom,anxiety,Anxiety,good,Good,seasonal-adjustment,Seasonally adjusted
43.90,,,2021-q1,2021 Q1,K02000001,United Kingdom,happiness,Happiness,good,Good,seasonal-adjustment,Seasonally adjusted
28.30,,,2021-q1,2021 Q1,K02000001,United Kingdom,happiness,Happiness,very-good,Very good,seasonal-adjustment,Seasonally adjusted
7.30,,,2021-q1,2021 Q1,K02000001,United Kingdom,happiness,Happiness,average-mean,Average (mean),seasonal-adjustment,Seasonally adjusted
14.90,14.2,15.5,2021-q1,2021 Q1,K02000001,United Kingdom,worthwhile,Worthwhile,fair,Fair,non-seasonal-adjustment,Non-seasonally adjusted
18.50,,,2021-q1,2021 Q1,K02000001,United Kingdom,happiness,Happiness,fair,Fair,seasonal-adjustment,Seasonally adjusted
22.50,,,2021-q1,2021 Q1,K02000001,United Kingdom,anxiety,Anxiety,poor,Poor,seasonal-adjustment,Seasonally adjusted
7.30,7.3,7.3,2021-q1,2021 Q1,K02000001,United Kingdom,life-satisfaction,Life satisfaction,average-mean,Average (mean),non-seasonal-adjustment,Non-seasonally adjusted
21.70,21.0,22.4,2021-q1,2021 Q1,K02000001,United Kingdom,life-satisfaction,Life satisfaction,very-good,Very good,non-seasonal-adjustment,Non-seasonally adjusted
3.20,3.2,3.3,2021-q1,2021 Q1,K02000001,United Kingdom,anxiety,Anxiety,average-mean,Average (mean),non-seasonal-adjustment,Non-seasonally adjusted
3.20,,,2021-q1,2021 Q1,K02000001,United Kingdom,anxiety,Anxiety,average-mean,Average (mean),seasonal-adjustment,Seasonally adjusted
4.20,,,2018-q3,2018 Q3,K02000001,United Kingdom,life-satisfaction,Life satisfaction,poor,Poor,seasonal-adjustment,Seasonally adjusted
16.00,15.4,16.6,2018-q3,2018 Q3,K02000001,United Kingdom,happiness,Happiness,fair,Fair,non-seasonal-adjustment,Non-seasonally adjusted
12.20,11.7,12.7,2018-q3,2018 Q3,K02000001,United Kingdom,worthwhile,Worthwhile,fair,Fair,non-seasonal-adjustment,Non-seasonally adjusted
23.30,,,2018-q3,2018 Q3,K02000001,United Kingdom,anxiety,Anxiety,good,Good,seasonal-adjustment,Seasonally adjusted
3.50,3.3,3.8,2018-q3,2018 Q3,K02000001,United Kingdom,worthwhile,Worthwhile,poor,Poor,non-seasonal-adjustment,Non-seasonally adjusted
41.10,40.4,41.9,2018-q3,2018 Q3,K02000001,United Kingdom,happiness,Happiness,good,Good,non-seasonal-adjustment,Non-seasonally adjusted
13.40,,,2018-q3,2018 Q3,K02000001,United Kingdom,life-satisfaction,Life satisfaction,fair,Fair,seasonal-adjustment,Seasonally adjusted
7.70,7.7,7.7,2018-q3,2018 Q3,K02000001,United Kingdom,life-satisfaction,Life satisfaction,average-mean,Average (mean),non-seasonal-adjustment,Non-seasonally adjusted
47.80,47.1,48.6,2018-q3,2018 Q3,K02000001,United Kingdom,worthwhile,Worthwhile,good,Good,non-seasonal-adjustment,Non-seasonally adjusted
2.90,,,2018-q3,2018 Q3,K02000001,United Kingdom,anxiety,Anxiety,average-mean,Average (mean),seasonal-adjustment,Seasonally adjusted
19.50,18.8,20.1,2018-q3,2018 Q3,K02000001,United Kingdom,anxiety,Anxiety,poor,Poor,non-seasonal-adjustment,Non-seasonally adjusted
3.50,,,2018-q3,2018 Q3,K02000001,United Kingdom,worthwhile,Worthwhile,poor,Poor,seasonal-adjustment,Seasonally adjusted
8.00,,,2018-q3,2018 Q3,K02000001,United Kingdom,happiness,Happiness,poor,Poor,seasonal-adjustment,Seasonally adjusted
30.40,29.7,31.1,2018-q3,2018 Q3,K02000001,United Kingdom,life-satisfaction,Life satisfaction,very-good,Very good,non-seasonal-adjustment,Non-seasonally adjusted
7.60,7.5,7.6,2018-q3,2018 Q3,K02000001,United Kingdom,happiness,Happiness,average-mean,Average (mean),non-seasonal-adjustment,Non-seasonally adjusted
7.90,7.9,7.9,2018-q3,2018 Q3,K02000001,United Kingdom,worthwhile,Worthwhile,average-mean,Average (mean),non-seasonal-adjustment,Non-seasonally adjusted
23.30,22.7,24.0,2018-q3,2018 Q3,K02000001,United Kingdom,anxiety,Anxiety,good,Good,non-seasonal-adjustment,Non-seasonally adjusted
7.70,,,2018-q3,2018 Q3,K02000001,United Kingdom,life-satisfaction,Life satisfaction,average-mean,Average (mean),seasonal-adjustment,Seasonally adjusted
52.20,,,2018-q3,2018 Q3,K02000001,United Kingdom,life-satisfaction,Life satisfaction,good,Good,seasonal-adjustment,Seasonally adjusted
35.20,34.5,35.9,2018-q3,2018 Q3,K02000001,United Kingdom,happiness,Happiness,very-good,Very good,non-seasonal-adjustment,Non-seasonally adjusted
16.70,16.2,17.3,2018-q3,2018 Q3,K02000001,United Kingdom,anxiety,Anxiety,fair,Fair,non-seasonal-adjustment,Non-seasonally adjusted
12.20,,,2018-q3,2018 Q3,K02000001,United Kingdom,worthwhile,Worthwhile,fair,Fair,seasonal-adjustment,Seasonally adjusted
47.80,,,2018-q3,2018 Q3,K02000001,United Kingdom,worthwhile,Worthwhile,good,Good,seasonal-adjustment,Seasonally adjusted
7.70,7.3,8.1,2018-q3,2018 Q3,K02000001,United Kingdom,happiness,Happiness,poor,Poor,non-seasonal-adjustment,Non-seasonally adjusted
40.00,,,2018-q3,2018 Q3,K02000001,United Kingdom,anxiety,Anxiety,very-good,Very good,seasonal-adjustment,Seasonally adjusted
36.40,35.7,37.2,2018-q3,2018 Q3,K02000001,United Kingdom,worthwhile,Worthwhile,very-good,Very good,non-seasonal-adjustment,Non-seasonally adjusted
2.90,2.8,2.9,2018-q3,2018 Q3,K02000001,United Kingdom,anxiety,Anxiety,average-mean,Average (mean),non-seasonal-adjustment,Non-seasonally adjusted
40.50,39.7,41.2,2018-q3,2018 Q3,K02000001,United Kingdom,anxiety,Anxiety,very-good,Very good,non-seasonal-adjustment,Non-seasonally adjusted
4.20,3.9,4.5,2018-q3,2018 Q3,K02000001,United Kingdom,life-satisfaction,Life satisfaction,poor,Poor,non-seasonal-adjustment,Non-seasonally adjusted
51.90,51.2,52.7,2018-q3,2018 Q3,K02000001,United Kingdom,life-satisfaction,Life satisfaction,good,Good,non-seasonal-adjustment,Non-seasonally adjusted
16.70,,,2018-q3,2018 Q3,K02000001,United Kingdom,anxiety,Anxiety,fair,Fair,seasonal-adjustment,Seasonally adjusted
36.10,,,2018-q3,2018 Q3,K02000001,United Kingdom,worthwhile,Worthwhile,very-good,Very good,seasonal-adjustment,Seasonally adjusted
34.60,,,2018-q3,2018 Q3,K02000001,United Kingdom,happiness,Happiness,very-good,Very good,seasonal-adjustment,Seasonally adjusted
7.90,,,2018-q3,2018 Q3,K02000001,United Kingdom,worthwhile,Worthwhile,average-mean,Average (mean),seasonal-adjustment,Seasonally adjusted
7.50,,,2018-q3,2018 Q3,K02000001,United Kingdom,happiness,Happiness,average-mean,Average (mean),seasonal-adjustment,Seasonally adjusted
16.30,,,2018-q3,2018 Q3,K02000001,United Kingdom,happiness,Happiness,fair,Fair,seasonal-adjustment,Seasonally adjusted
41.40,,,2018-q3,2018 Q3,K02000001,United Kingdom,happiness,Happiness,good,Good,seasonal-adjustment,Seasonally adjusted
30.30,,,2018-q3,2018 Q3,K02000001,United Kingdom,life-satisfaction,Life satisfaction,very-good,Very good,seasonal-adjustment,Seasonally adjusted
13.40,12.9,14.0,2018-q3,2018 Q3,K02000001,United Kingdom,life-satisfaction,Life satisfaction,fair,Fair,non-seasonal-adjustment,Non-seasonally adjusted
19.80,,,2018-q3,2018 Q3,K02000001,United Kingdom,anxiety,Anxiety,poor,Poor,seasonal-adjustment,Seasonally adjusted
4.30,,,2018-q2,2018 Q2,K02000001,United Kingdom,life-satisfaction,Life satisfaction,poor,Poor,seasonal-adjustment,Seasonally adjusted
7.60,7.6,7.7,2018-q2,2018 Q2,K02000001,United Kingdom,happiness,Happiness,average-mean,Average (mean),non-seasonal-adjustment,Non-seasonally adjusted
7.40,7.0,7.8,2018-q2,2018 Q2,K02000001,United Kingdom,happiness,Happiness,poor,Poor,non-seasonal-adjustment,Non-seasonally adjusted
40.30,39.6,41.0,2018-q2,2018 Q2,K02000001,United Kingdom,happiness,Happiness,good,Good,non-seasonal-adjustment,Non-seasonally adjusted
13.50,,,2018-q2,2018 Q2,K02000001,United Kingdom,life-satisfaction,Life satisfaction,fair,Fair,seasonal-adjustment,Seasonally adjusted
30.30,,,2018-q2,2018 Q2,K02000001,United Kingdom,life-satisfaction,Life satisfaction,very-good,Very good,seasonal-adjustment,Seasonally adjusted
3.60,,,2018-q2,2018 Q2,K02000001,United Kingdom,worthwhile,Worthwhile,poor,Poor,seasonal-adjustment,Seasonally adjusted
15.80,,,2018-q2,2018 Q2,K02000001,United Kingdom,happiness,Happiness,fair,Fair,seasonal-adjustment,Seasonally adjusted
37.10,36.3,37.8,2018-q2,2018 Q2,K02000001,United Kingdom,happiness,Happiness,very-good,Very good,non-seasonal-adjustment,Non-seasonally adjusted
7.90,7.9,7.9,2018-q2,2018 Q2,K02000001,United Kingdom,worthwhile,Worthwhile,average-mean,Average (mean),non-seasonal-adjustment,Non-seasonally adjusted
36.40,35.6,37.1,2018-q2,2018 Q2,K02000001,United Kingdom,worthwhile,Worthwhile,very-good,Very good,non-seasonal-adjustment,Non-seasonally adjusted
22.90,,,2018-q2,2018 Q2,K02000001,United Kingdom,anxiety,Anxiety,good,Good,seasonal-adjustment,Seasonally adjusted
13.40,12.9,13.9,2018-q2,2018 Q2,K02000001,United Kingdom,life-satisfaction,Life satisfaction,fair,Fair,non-seasonal-adjustment,Non-seasonally adjusted
35.70,,,2018-q2,2018 Q2,K02000001,United Kingdom,worthwhile,Worthwhile,very-good,Very good,seasonal-adjustment,Seasonally adjusted
19.50,18.9,20.1,2018-q2,2018 Q2,K02000001,United Kingdom,anxiety,Anxiety,poor,Poor,non-seasonal-adjustment,Non-seasonally adjusted
3.60,3.3,3.8,2018-q2,2018 Q2,K02000001,United Kingdom,worthwhile,Worthwhile,poor,Poor,non-seasonal-adjustment,Non-seasonally adjusted
15.40,14.9,15.9,2018-q2,2018 Q2,K02000001,United Kingdom,anxiety,Anxiety,fair,Fair,non-seasonal-adjustment,Non-seasonally adjusted
4.30,4.1,4.6,2018-q2,2018 Q2,K02000001,United Kingdom,life-satisfaction,Life satisfaction,poor,Poor,non-seasonal-adjustment,Non-seasonally adjusted
15.20,14.7,15.8,2018-q2,2018 Q2,K02000001,United Kingdom,happiness,Happiness,fair,Fair,non-seasonal-adjustment,Non-seasonally adjusted
51.20,50.5,51.9,2018-q2,2018 Q2,K02000001,United Kingdom,life-satisfaction,Life satisfaction,good,Good,non-seasonal-adjustment,Non-seasonally adjusted
12.10,11.6,12.6,2018-q2,2018 Q2,K02000001,United Kingdom,worthwhile,Worthwhile,fair,Fair,non-seasonal-adjustment,Non-seasonally adjusted
7.70,,,2018-q2,2018 Q2,K02000001,United Kingdom,life-satisfaction,Life satisfaction,average-mean,Average (mean),seasonal-adjustment,Seasonally adjusted
35.70,,,2018-q2,2018 Q2,K02000001,United Kingdom,happiness,Happiness,very-good,Very good,seasonal-adjustment,Seasonally adjusted
15.40,,,2018-q2,2018 Q2,K02000001,United Kingdom,anxiety,Anxiety,fair,Fair,seasonal-adjustment,Seasonally adjusted
7.70,7.7,7.7,2018-q2,2018 Q2,K02000001,United Kingdom,life-satisfaction,Life satisfaction,average-mean,Average (mean),non-seasonal-adjustment,Non-seasonally adjusted
7.70,,,2018-q2,2018 Q2,K02000001,United Kingdom,happiness,Happiness,poor,Poor,seasonal-adjustment,Seasonally adjusted
47.90,47.2,48.7,2018-q2,2018 Q2,K02000001,United Kingdom,worthwhile,Worthwhile,good,Good,non-seasonal-adjustment,Non-seasonally adjusted
42.10,41.4,42.9,2018-q2,2018 Q2,K02000001,United Kingdom,anxiety,Anxiety,very-good,Very good,non-seasonal-adjustment,Non-seasonally adjusted
22.90,22.3,23.5,2018-q2,2018 Q2,K02000001,United Kingdom,anxiety,Anxiety,good,Good,non-seasonal-adjustment,Non-seasonally adjusted
2.80,,,2018-q2,2018 Q2,K02000001,United Kingdom,anxiety,Anxiety,average-mean,Average (mean),seasonal-adjustment,Seasonally adjusted
7.60,,,2018-q2,2018 Q2,K02000001,United Kingdom,happiness,Happiness,average-mean,Average (mean),seasonal-adjustment,Seasonally adjusted
2.80,2.8,2.8,2018-q2,2018 Q2,K02000001,United Kingdom,anxiety,Anxiety,average-mean,Average (mean),non-seasonal-adjustment,Non-seasonally adjusted
51.60,,,2018-q2,2018 Q2,K02000001,United Kingdom,life-satisfaction,Life satisfaction,good,Good,seasonal-adjustment,Seasonally adjusted
47.90,,,2018-q2,2018 Q2,K02000001,United Kingdom,worthwhile,Worthwhile,good,Good,seasonal-adjustment,Seasonally adjusted
41.50,,,2018-q2,2018 Q2,K02000001,United Kingdom,anxiety,Anxiety,very-good,Very good,seasonal-adjustment,Seasonally adjusted
31.10,30.4,31.7,2018-q2,2018 Q2,K02000001,United Kingdom,life-satisfaction,Life satisfaction,very-good,Very good,non-seasonal-adjustment,Non-seasonally adjusted
40.70,,,2018-q2,2018 Q2,K02000001,United Kingdom,happiness,Happiness,good,Good,seasonal-adjustment,Seasonally adjusted
7.90,,,2018-q2,2018 Q2,K02000001,United Kingdom,worthwhile,Worthwhile,average-mean,Average (mean),seasonal-adjustment,Seasonally adjusted
12.10,,,2018-q2,2018 Q2,K02000001,United Kingdom,worthwhile,Worthwhile,fair,Fair,seasonal-adjustment,Seasonally adjusted
19.70,,,2018-q2,2018 Q2,K02000001,United Kingdom,anxiety,Anxiety,poor,Poor,seasonal-adjustment,Seasonally adjusted
12.90,12.4,13.3,2016-q1,2016 Q1,K02000001,United Kingdom,worthwhile,Worthwhile,fair,Fair,non-seasonal-adjustment,Non-seasonally adjusted
16.80,,,2016-q1,2016 Q1,K02000001,United Kingdom,anxiety,Anxiety,fair,Fair,seasonal-adjustment,Seasonally adjusted
23.20,,,2016-q1,2016 Q1,K02000001,United Kingdom,anxiety,Anxiety,good,Good,seasonal-adjustment,Seasonally adjusted
7.80,,,2016-q1,2016 Q1,K02000001,United Kingdom,worthwhile,Worthwhile,average-mean,Average (mean),seasonal-adjustment,Seasonally adjusted
12.90,,,2016-q1,2016 Q1,K02000001,United Kingdom,worthwhile,Worthwhile,fair,Fair,seasonal-adjustment,Seasonally adjusted
40.60,,,2016-q1,2016 Q1,K02000001,United Kingdom,happiness,Happiness,good,Good,seasonal-adjustment,Seasonally adjusted
9.20,8.8,9.6,2016-q1,2016 Q1,K02000001,United Kingdom,happiness,Happiness,poor,Poor,non-seasonal-adjustment,Non-seasonally adjusted
3.60,,,2016-q1,2016 Q1,K02000001,United Kingdom,worthwhile,Worthwhile,poor,Poor,seasonal-adjustment,Seasonally adjusted
2.90,,,2016-q1,2016 Q1,K02000001,United Kingdom,anxiety,Anxiety,average-mean,Average (mean),seasonal-adjustment,Seasonally adjusted
34.40,,,2016-q1,2016 Q1,K02000001,United Kingdom,worthwhile,Worthwhile,very-good,Very good,seasonal-adjustment,Seasonally adjusted
7.40,7.4,7.5,2016-q1,2016 Q1,K02000001,United Kingdom,happiness,Happiness,average-mean,Average (mean),non-seasonal-adjustment,Non-seasonally adjusted
19.70,19.2,20.3,2016-q1,2016 Q1,K02000001,United Kingdom,anxiety,Anxiety,poor,Poor,non-seasonal-adjustment,Non-seasonally adjusted
40.50,,,2016-q1,2016 Q1,K02000001,United Kingdom,anxiety,Anxiety,very-good,Very good,seasonal-adjustment,Seasonally adjusted
16.30,,,2016-q1,2016 Q1,K02000001,United Kingdom,happiness,Happiness,fair,Fair,seasonal-adjustment,Seasonally adjusted
41.10,40.5,41.8,2016-q1,2016 Q1,K02000001,United Kingdom,happiness,Happiness,good,Good,non-seasonal-adjustment,Non-seasonally adjusted
49.60,,,2016-q1,2016 Q1,K02000001,United Kingdom,worthwhile,Worthwhile,good,Good,seasonal-adjustment,Seasonally adjusted
7.80,7.8,7.8,2016-q1,2016 Q1,K02000001,United Kingdom,worthwhile,Worthwhile,average-mean,Average (mean),non-seasonal-adjustment,Non-seasonally adjusted
16.80,16.3,17.3,2016-q1,2016 Q1,K02000001,United Kingdom,happiness,Happiness,fair,Fair,non-seasonal-adjustment,Non-seasonally adjusted
32.90,32.2,33.5,2016-q1,2016 Q1,K02000001,United Kingdom,happiness,Happiness,very-good,Very good,non-seasonal-adjustment,Non-seasonally adjusted
34.00,33.3,34.7,2016-q1,2016 Q1,K02000001,United Kingdom,worthwhile,Worthwhile,very-good,Very good,non-seasonal-adjustment,Non-seasonally adjusted
7.60,,,2016-q1,2016 Q1,K02000001,United Kingdom,life-satisfaction,Life satisfaction,average-mean,Average (mean),seasonal-adjustment,Seasonally adjusted
9.00,,,2016-q1,2016 Q1,K02000001,United Kingdom,happiness,Happiness,poor,Poor,seasonal-adjustment,Seasonally adjusted
14.10,,,2016-q1,2016 Q1,K02000001,United Kingdom,life-satisfaction,Life satisfaction,fair,Fair,seasonal-adjustment,Seasonally adjusted
4.70,,,2016-q1,2016 Q1,K02000001,United Kingdom,life-satisfaction,Life satisfaction,poor,Poor,seasonal-adjustment,Seasonally adjusted
52.20,,,2016-q1,2016 Q1,K02000001,United Kingdom,life-satisfaction,Life satisfaction,good,Good,seasonal-adjustment,Seasonally adjusted
28.80,,,2016-q1,2016 Q1,K02000001,United Kingdom,life-satisfaction,Life satisfaction,very-good,Very good,seasonal-adjustment,Seasonally adjusted
7.60,7.6,7.7,2016-q1,2016 Q1,K02000001,United Kingdom,life-satisfaction,Life satisfaction,average-mean,Average (mean),non-seasonal-adjustment,Non-seasonally adjusted
4.70,4.4,5.0,2016-q1,2016 Q1,K02000001,United Kingdom,life-satisfaction,Life satisfaction,poor,Poor,non-seasonal-adjustment,Non-seasonally adjusted
49.60,48.9,50.3,2016-q1,2016 Q1,K02000001,United Kingdom,worthwhile,Worthwhile,good,Good,non-seasonal-adjustment,Non-seasonally adjusted
23.20,22.6,23.8,2016-q1,2016 Q1,K02000001,United Kingdom,anxiety,Anxiety,good,Good,non-seasonal-adjustment,Non-seasonally adjusted
40.30,39.6,41.0,2016-q1,2016 Q1,K02000001,United Kingdom,anxiety,Anxiety,very-good,Very good,non-seasonal-adjustment,Non-seasonally adjusted
16.80,16.3,17.3,2016-q1,2016 Q1,K02000001,United Kingdom,anxiety,Anxiety,fair,Fair,non-seasonal-adjustment,Non-seasonally adjusted
52.70,52.0,53.4,2016-q1,2016 Q1,K02000001,United Kingdom,life-satisfaction,Life satisfaction,good,Good,non-seasonal-adjustment,Non-seasonally adjusted
7.50,,,2016-q1,2016 Q1,K02000001,United Kingdom,happiness,Happiness,average-mean,Average (mean),seasonal-adjustment,Seasonally adjusted
19.50,,,2016-q1,2016 Q1,K02000001,United Kingdom,anxiety,Anxiety,poor,Poor,seasonal-adjustment,Seasonally adjusted
14.20,13.8,14.7,2016-q1,2016 Q1,K02000001,United Kingdom,life-satisfaction,Life satisfaction,fair,Fair,non-seasonal-adjustment,Non-seasonally adjusted
33.90,,,2016-q1,2016 Q1,K02000001,United Kingdom,happiness,Happiness,very-good,Very good,seasonal-adjustment,Seasonally adjusted
3.60,3.3,3.8,2016-q1,2016 Q1,K02000001,United Kingdom,worthwhile,Worthwhile,poor,Poor,non-seasonal-adjustment,Non-seasonally adjusted
28.40,27.7,29.0,2016-q1,2016 Q1,K02000001,United Kingdom,life-satisfaction,Life satisfaction,very-good,Very good,non-seasonal-adjustment,Non-seasonally adjusted
2.90,2.9,2.9,2016-q1,2016 Q1,K02000001,United Kingdom,anxiety,Anxiety,average-mean,Average (mean),non-seasonal-adjustment,Non-seasonally adjusted
32.80,,,2014-q1,2014 Q1,K02000001,United Kingdom,worthwhile,Worthwhile,very-good,Very good,seasonal-adjustment,Seasonally adjusted
32.50,31.8,33.1,2014-q1,2014 Q1,K02000001,United Kingdom,worthwhile,Worthwhile,very-good,Very good,non-seasonal-adjustment,Non-seasonally adjusted
49.80,49.1,50.4,2014-q1,2014 Q1,K02000001,United Kingdom,worthwhile,Worthwhile,good,Good,non-seasonal-adjustment,Non-seasonally adjusted
2.90,,,2014-q1,2014 Q1,K02000001,United Kingdom,anxiety,Anxiety,average-mean,Average (mean),seasonal-adjustment,Seasonally adjusted
49.80,,,2014-q1,2014 Q1,K02000001,United Kingdom,worthwhile,Worthwhile,good,Good,seasonal-adjustment,Seasonally adjusted
32.60,,,2014-q1,2014 Q1,K02000001,United Kingdom,happiness,Happiness,very-good,Very good,seasonal-adjustment,Seasonally adjusted
20.30,19.8,20.8,2014-q1,2014 Q1,K02000001,United Kingdom,anxiety,Anxiety,poor,Poor,non-seasonal-adjustment,Non-seasonally adjusted
9.40,,,2014-q1,2014 Q1,K02000001,United Kingdom,happiness,Happiness,poor,Poor,seasonal-adjustment,Seasonally adjusted
7.50,,,2014-q1,2014 Q1,K02000001,United Kingdom,life-satisfaction,Life satisfaction,average-mean,Average (mean),seasonal-adjustment,Seasonally adjusted
15.70,15.2,16.2,2014-q1,2014 Q1,K02000001,United Kingdom,life-satisfaction,Life satisfaction,fair,Fair,non-seasonal-adjustment,Non-seasonally adjusted
7.40,7.3,7.4,2014-q1,2014 Q1,K02000001,United Kingdom,happiness,Happiness,average-mean,Average (mean),non-seasonal-adjustment,Non-seasonally adjusted
17.20,,,2014-q1,2014 Q1,K02000001,United Kingdom,happiness,Happiness,fair,Fair,seasonal-adjustment,Seasonally adjusted
40.60,,,2014-q1,2014 Q1,K02000001,United Kingdom,happiness,Happiness,good,Good,seasonal-adjustment,Seasonally adjusted
16.80,16.3,17.2,2014-q1,2014 Q1,K02000001,United Kingdom,anxiety,Anxiety,fair,Fair,non-seasonal-adjustment,Non-seasonally adjusted
7.40,,,2014-q1,2014 Q1,K02000001,United Kingdom,happiness,Happiness,average-mean,Average (mean),seasonal-adjustment,Seasonally adjusted
39.30,38.7,40.0,2014-q1,2014 Q1,K02000001,United Kingdom,anxiety,Anxiety,very-good,Very good,non-seasonal-adjustment,Non-seasonally adjusted
7.80,,,2014-q1,2014 Q1,K02000001,United Kingdom,worthwhile,Worthwhile,average-mean,Average (mean),seasonal-adjustment,Seasonally adjusted
7.80,7.7,7.8,2014-q1,2014 Q1,K02000001,United Kingdom,worthwhile,Worthwhile,average-mean,Average (mean),non-seasonal-adjustment,Non-seasonally adjusted
13.70,13.3,14.2,2014-q1,2014 Q1,K02000001,United Kingdom,worthwhile,Worthwhile,fair,Fair,non-seasonal-adjustment,Non-seasonally adjusted
39.50,,,2014-q1,2014 Q1,K02000001,United Kingdom,anxiety,Anxiety,very-good,Very good,seasonal-adjustment,Seasonally adjusted
23.60,,,2014-q1,2014 Q1,K02000001,United Kingdom,anxiety,Anxiety,good,Good,seasonal-adjustment,Seasonally adjusted
7.50,7.5,7.5,2014-q1,2014 Q1,K02000001,United Kingdom,life-satisfaction,Life satisfaction,average-mean,Average (mean),non-seasonal-adjustment,Non-seasonally adjusted
23.60,23.0,24.2,2014-q1,2014 Q1,K02000001,United Kingdom,anxiety,Anxiety,good,Good,non-seasonal-adjustment,Non-seasonally adjusted
52.20,,,2014-q1,2014 Q1,K02000001,United Kingdom,life-satisfaction,Life satisfaction,good,Good,seasonal-adjustment,Seasonally adjusted
52.70,52.1,53.4,2014-q1,2014 Q1,K02000001,United Kingdom,life-satisfaction,Life satisfaction,good,Good,non-seasonal-adjustment,Non-seasonally adjusted
16.80,,,2014-q1,2014 Q1,K02000001,United Kingdom,anxiety,Anxiety,fair,Fair,seasonal-adjustment,Seasonally adjusted
4.00,,,2014-q1,2014 Q1,K02000001,United Kingdom,worthwhile,Worthwhile,poor,Poor,seasonal-adjustment,Seasonally adjusted
41.20,40.5,41.8,2014-q1,2014 Q1,K02000001,United Kingdom,happiness,Happiness,good,Good,non-seasonal-adjustment,Non-seasonally adjusted
5.30,5.0,5.6,2014-q1,2014 Q1,K02000001,United Kingdom,life-satisfaction,Life satisfaction,poor,Poor,non-seasonal-adjustment,Non-seasonally adjusted
20.10,,,2014-q1,2014 Q1,K02000001,United Kingdom,anxiety,Anxiety,poor,Poor,seasonal-adjustment,Seasonally adjusted
2.90,2.9,3.0,2014-q1,2014 Q1,K02000001,United Kingdom,anxiety,Anxiety,average-mean,Average (mean),non-seasonal-adjustment,Non-seasonally adjusted
26.60,,,2014-q1,2014 Q1,K02000001,United Kingdom,life-satisfaction,Life satisfaction,very-good,Very good,seasonal-adjustment,Seasonally adjusted
9.70,9.3,10.1,2014-q1,2014 Q1,K02000001,United Kingdom,happiness,Happiness,poor,Poor,non-seasonal-adjustment,Non-seasonally adjusted
17.80,17.3,18.3,2014-q1,2014 Q1,K02000001,United Kingdom,happiness,Happiness,fair,Fair,non-seasonal-adjustment,Non-seasonally adjusted
5.30,,,2014-q1,2014 Q1,K02000001,United Kingdom,life-satisfaction,Life satisfaction,poor,Poor,seasonal-adjustment,Seasonally adjusted
15.50,,,2014-q1,2014 Q1,K02000001,United Kingdom,life-satisfaction,Life satisfaction,fair,Fair,seasonal-adjustment,Seasonally adjusted
13.70,,,2014-q1,2014 Q1,K02000001,United Kingdom,worthwhile,Worthwhile,fair,Fair,seasonal-adjustment,Seasonally adjusted
31.40,30.8,32.0,2014-q1,2014 Q1,K02000001,United Kingdom,happiness,Happiness,very-good,Very good,non-seasonal-adjustment,Non-seasonally adjusted
26.20,25.7,26.8,2014-q1,2014 Q1,K02000001,United Kingdom,life-satisfaction,Life satisfaction,very-good,Very good,non-seasonal-adjustment,Non-seasonally adjusted
4.00,3.7,4.3,2014-q1,2014 Q1,K02000001,United Kingdom,worthwhile,Worthwhile,poor,Poor,non-seasonal-adjustment,Non-seasonally adjusted
4.50,,,2011-q4,2011 Q4,K02000001,United Kingdom,worthwhile,Worthwhile,poor,Poor,seasonal-adjustment,Seasonally adjusted
49.70,49.0,50.4,2011-q4,2011 Q4,K02000001,United Kingdom,worthwhile,Worthwhile,good,Good,non-seasonal-adjustment,Non-seasonally adjusted
4.50,4.2,4.8,2011-q4,2011 Q4,K02000001,United Kingdom,worthwhile,Worthwhile,poor,Poor,non-seasonal-adjustment,Non-seasonally adjusted
40.10,,,2011-q4,2011 Q4,K02000001,United Kingdom,happiness,Happiness,good,Good,seasonal-adjustment,Seasonally adjusted
14.50,,,2011-q4,2011 Q4,K02000001,United Kingdom,worthwhile,Worthwhile,fair,Fair,seasonal-adjustment,Seasonally adjusted
7.30,,,2011-q4,2011 Q4,K02000001,United Kingdom,happiness,Happiness,average-mean,Average (mean),seasonal-adjustment,Seasonally adjusted
18.30,,,2011-q4,2011 Q4,K02000001,United Kingdom,happiness,Happiness,fair,Fair,seasonal-adjustment,Seasonally adjusted
50.80,50.2,51.5,2011-q4,2011 Q4,K02000001,United Kingdom,life-satisfaction,Life satisfaction,good,Good,non-seasonal-adjustment,Non-seasonally adjusted
23.80,23.2,24.4,2011-q4,2011 Q4,K02000001,United Kingdom,anxiety,Anxiety,good,Good,non-seasonal-adjustment,Non-seasonally adjusted
21.30,20.8,21.9,2011-q4,2011 Q4,K02000001,United Kingdom,anxiety,Anxiety,poor,Poor,non-seasonal-adjustment,Non-seasonally adjusted
18.80,18.3,19.3,2011-q4,2011 Q4,K02000001,United Kingdom,happiness,Happiness,fair,Fair,non-seasonal-adjustment,Non-seasonally adjusted
14.50,14.0,15.0,2011-q4,2011 Q4,K02000001,United Kingdom,worthwhile,Worthwhile,fair,Fair,non-seasonal-adjustment,Non-seasonally adjusted
21.00,,,2011-q4,2011 Q4,K02000001,United Kingdom,anxiety,Anxiety,poor,Poor,seasonal-adjustment,Seasonally adjusted
7.70,,,2011-q4,2011 Q4,K02000001,United Kingdom,worthwhile,Worthwhile,average-mean,Average (mean),seasonal-adjustment,Seasonally adjusted
31.30,30.7,31.9,2011-q4,2011 Q4,K02000001,United Kingdom,worthwhile,Worthwhile,very-good,Very good,non-seasonal-adjustment,Non-seasonally adjusted
7.20,7.2,7.3,2011-q4,2011 Q4,K02000001,United Kingdom,happiness,Happiness,average-mean,Average (mean),non-seasonal-adjustment,Non-seasonally adjusted
7.50,,,2011-q4,2011 Q4,K02000001,United Kingdom,life-satisfaction,Life satisfaction,average-mean,Average (mean),seasonal-adjustment,Seasonally adjusted
50.70,,,2011-q4,2011 Q4,K02000001,United Kingdom,life-satisfaction,Life satisfaction,good,Good,seasonal-adjustment,Seasonally adjusted
6.10,,,2011-q4,2011 Q4,K02000001,United Kingdom,life-satisfaction,Life satisfaction,poor,Poor,seasonal-adjustment,Seasonally adjusted
17.00,,,2011-q4,2011 Q4,K02000001,United Kingdom,life-satisfaction,Life satisfaction,fair,Fair,seasonal-adjustment,Seasonally adjusted
7.70,7.7,7.7,2011-q4,2011 Q4,K02000001,United Kingdom,worthwhile,Worthwhile,average-mean,Average (mean),non-seasonal-adjustment,Non-seasonally adjusted
3.10,3.1,3.1,2011-q4,2011 Q4,K02000001,United Kingdom,anxiety,Anxiety,average-mean,Average (mean),non-seasonal-adjustment,Non-seasonally adjusted
31.20,,,2011-q4,2011 Q4,K02000001,United Kingdom,happiness,Happiness,very-good,Very good,seasonal-adjustment,Seasonally adjusted
17.10,16.7,17.6,2011-q4,2011 Q4,K02000001,United Kingdom,life-satisfaction,Life satisfaction,fair,Fair,non-seasonal-adjustment,Non-seasonally adjusted
3.10,,,2011-q4,2011 Q4,K02000001,United Kingdom,anxiety,Anxiety,average-mean,Average (mean),seasonal-adjustment,Seasonally adjusted
23.80,,,2011-q4,2011 Q4,K02000001,United Kingdom,anxiety,Anxiety,good,Good,seasonal-adjustment,Seasonally adjusted
18.00,,,2011-q4,2011 Q4,K02000001,United Kingdom,anxiety,Anxiety,fair,Fair,seasonal-adjustment,Seasonally adjusted
7.40,7.4,7.5,2011-q4,2011 Q4,K02000001,United Kingdom,life-satisfaction,Life satisfaction,average-mean,Average (mean),non-seasonal-adjustment,Non-seasonally adjusted
6.10,5.7,6.4,2011-q4,2011 Q4,K02000001,United Kingdom,life-satisfaction,Life satisfaction,poor,Poor,non-seasonal-adjustment,Non-seasonally adjusted
37.40,,,2011-q4,2011 Q4,K02000001,United Kingdom,anxiety,Anxiety,very-good,Very good,seasonal-adjustment,Seasonally adjusted
36.80,36.2,37.5,2011-q4,2011 Q4,K02000001,United Kingdom,anxiety,Anxiety,very-good,Very good,non-seasonal-adjustment,Non-seasonally adjusted
31.50,,,2011-q4,2011 Q4,K02000001,United Kingdom,worthwhile,Worthwhile,very-good,Very good,seasonal-adjustment,Seasonally adjusted
10.40,,,2011-q4,2011 Q4,K02000001,United Kingdom,happiness,Happiness,poor,Poor,seasonal-adjustment,Seasonally adjusted
26.00,25.3,26.6,2011-q4,2011 Q4,K02000001,United Kingdom,life-satisfaction,Life satisfaction,very-good,Very good,non-seasonal-adjustment,Non-seasonally adjusted
49.70,,,2011-q4,2011 Q4,K02000001,United Kingdom,worthwhile,Worthwhile,good,Good,seasonal-adjustment,Seasonally adjusted
10.70,10.3,11.2,2011-q4,2011 Q4,K02000001,United Kingdom,happiness,Happiness,poor,Poor,non-seasonal-adjustment,Non-seasonally adjusted
40.30,39.6,40.9,2011-q4,2011 Q4,K02000001,United Kingdom,happiness,Happiness,good,Good,non-seasonal-adjustment,Non-seasonally adjusted
30.20,29.6,30.9,2011-q4,2011 Q4,K02000001,United Kingdom,happiness,Happiness,very-good,Very good,non-seasonal-adjustment,Non-seasonally adjusted
26.20,,,2011-q4,2011 Q4,K02000001,United Kingdom,life-satisfaction,Life satisfaction,very-good,Very good,seasonal-adjustment,Seasonally adjusted
18.00,17.5,18.5,2011-q4,2011 Q4,K02000001,United Kingdom,anxiety,Anxiety,fair,Fair,non-seasonal-adjustment,Non-seasonally adjusted
15.70,15.0,16.5,2020-q2,2020 Q2,K02000001,United Kingdom,life-satisfaction,Life satisfaction,fair,Fair,non-seasonal-adjustment,Non-seasonally adjusted
7.50,,,2020-q2,2020 Q2,K02000001,United Kingdom,life-satisfaction,Life satisfaction,average-mean,Average (mean),seasonal-adjustment,Seasonally adjusted
12.30,,,2020-q2,2020 Q2,K02000001,United Kingdom,worthwhile,Worthwhile,fair,Fair,seasonal-adjustment,Seasonally adjusted
12.30,11.6,12.9,2020-q2,2020 Q2,K02000001,United Kingdom,worthwhile,Worthwhile,fair,Fair,non-seasonal-adjustment,Non-seasonally adjusted
3.80,3.5,4.2,2020-q2,2020 Q2,K02000001,United Kingdom,worthwhile,Worthwhile,poor,Poor,non-seasonal-adjustment,Non-seasonally adjusted
32.50,31.6,33.4,2020-q2,2020 Q2,K02000001,United Kingdom,worthwhile,Worthwhile,very-good,Very good,non-seasonal-adjustment,Non-seasonally adjusted
7.80,,,2020-q2,2020 Q2,K02000001,United Kingdom,worthwhile,Worthwhile,average-mean,Average (mean),seasonal-adjustment,Seasonally adjusted
29.60,28.7,30.5,2020-q2,2020 Q2,K02000001,United Kingdom,happiness,Happiness,very-good,Very good,non-seasonal-adjustment,Non-seasonally adjusted
15.70,,,2020-q2,2020 Q2,K02000001,United Kingdom,life-satisfaction,Life satisfaction,fair,Fair,seasonal-adjustment,Seasonally adjusted
51.40,,,2020-q2,2020 Q2,K02000001,United Kingdom,worthwhile,Worthwhile,good,Good,seasonal-adjustment,Seasonally adjusted
3.80,,,2020-q2,2020 Q2,K02000001,United Kingdom,worthwhile,Worthwhile,poor,Poor,seasonal-adjustment,Seasonally adjusted
7.80,7.8,7.8,2020-q2,2020 Q2,K02000001,United Kingdom,worthwhile,Worthwhile,average-mean,Average (mean),non-seasonal-adjustment,Non-seasonally adjusted
25.00,24.2,25.9,2020-q2,2020 Q2,K02000001,United Kingdom,anxiety,Anxiety,poor,Poor,non-seasonal-adjustment,Non-seasonally adjusted
7.30,7.3,7.4,2020-q2,2020 Q2,K02000001,United Kingdom,happiness,Happiness,average-mean,Average (mean),non-seasonal-adjustment,Non-seasonally adjusted
9.20,,,2020-q2,2020 Q2,K02000001,United Kingdom,happiness,Happiness,poor,Poor,seasonal-adjustment,Seasonally adjusted
5.20,,,2020-q2,2020 Q2,K02000001,United Kingdom,life-satisfaction,Life satisfaction,poor,Poor,seasonal-adjustment,Seasonally adjusted
31.80,,,2020-q2,2020 Q2,K02000001,United Kingdom,worthwhile,Worthwhile,very-good,Very good,seasonal-adjustment,Seasonally adjusted
25.40,,,2020-q2,2020 Q2,K02000001,United Kingdom,anxiety,Anxiety,poor,Poor,seasonal-adjustment,Seasonally adjusted
7.50,7.5,7.6,2020-q2,2020 Q2,K02000001,United Kingdom,life-satisfaction,Life satisfaction,average-mean,Average (mean),non-seasonal-adjustment,Non-seasonally adjusted
53.30,52.3,54.2,2020-q2,2020 Q2,K02000001,United Kingdom,life-satisfaction,Life satisfaction,good,Good,non-seasonal-adjustment,Non-seasonally adjusted
42.90,41.9,43.8,2020-q2,2020 Q2,K02000001,United Kingdom,happiness,Happiness,good,Good,non-seasonal-adjustment,Non-seasonally adjusted
24.30,23.5,25.1,2020-q2,2020 Q2,K02000001,United Kingdom,anxiety,Anxiety,good,Good,non-seasonal-adjustment,Non-seasonally adjusted
51.40,50.4,52.4,2020-q2,2020 Q2,K02000001,United Kingdom,worthwhile,Worthwhile,good,Good,non-seasonal-adjustment,Non-seasonally adjusted
25.80,25.0,26.7,2020-q2,2020 Q2,K02000001,United Kingdom,life-satisfaction,Life satisfaction,very-good,Very good,non-seasonal-adjustment,Non-seasonally adjusted
18.60,17.9,19.4,2020-q2,2020 Q2,K02000001,United Kingdom,happiness,Happiness,fair,Fair,non-seasonal-adjustment,Non-seasonally adjusted
18.70,17.9,19.5,2020-q2,2020 Q2,K02000001,United Kingdom,anxiety,Anxiety,fair,Fair,non-seasonal-adjustment,Non-seasonally adjusted
19.30,,,2020-q2,2020 Q2,K02000001,United Kingdom,happiness,Happiness,fair,Fair,seasonal-adjustment,Seasonally adjusted
32.00,31.0,32.9,2020-q2,2020 Q2,K02000001,United Kingdom,anxiety,Anxiety,very-good,Very good,non-seasonal-adjustment,Non-seasonally adjusted
43.40,,,2020-q2,2020 Q2,K02000001,United Kingdom,happiness,Happiness,good,Good,seasonal-adjustment,Seasonally adjusted
53.60,,,2020-q2,2020 Q2,K02000001,United Kingdom,life-satisfaction,Life satisfaction,good,Good,seasonal-adjustment,Seasonally adjusted
18.70,,,2020-q2,2020 Q2,K02000001,United Kingdom,anxiety,Anxiety,fair,Fair,seasonal-adjustment,Seasonally adjusted
7.30,,,2020-q2,2020 Q2,K02000001,United Kingdom,happiness,Happiness,average-mean,Average (mean),seasonal-adjustment,Seasonally adjusted
25.10,,,2020-q2,2020 Q2,K02000001,United Kingdom,life-satisfaction,Life satisfaction,very-good,Very good,seasonal-adjustment,Seasonally adjusted
24.30,,,2020-q2,2020 Q2,K02000001,United Kingdom,anxiety,Anxiety,good,Good,seasonal-adjustment,Seasonally adjusted
5.20,4.8,5.6,2020-q2,2020 Q2,K02000001,United Kingdom,life-satisfaction,Life satisfaction,poor,Poor,non-seasonal-adjustment,Non-seasonally adjusted
8.90,8.4,9.5,2020-q2,2020 Q2,K02000001,United Kingdom,happiness,Happiness,poor,Poor,non-seasonal-adjustment,Non-seasonally adjusted
3.40,3.3,3.4,2020-q2,2020 Q2,K02000001,United Kingdom,anxiety,Anxiety,average-mean,Average (mean),non-seasonal-adjustment,Non-seasonally adjusted
28.40,,,2020-q2,2020 Q2,K02000001,United Kingdom,happiness,Happiness,very-good,Very good,seasonal-adjustment,Seasonally adjusted
3.40,,,2020-q2,2020 Q2,K02000001,United Kingdom,anxiety,Anxiety,average-mean,Average (mean),seasonal-adjustment,Seasonally adjusted
31.40,,,2020-q2,2020 Q2,K02000001,United Kingdom,anxiety,Anxiety,very-good,Very good,seasonal-adjustment,Seasonally adjusted
7.60,,,2021-q3,2021 Q3,K02000001,United Kingdom,life-satisfaction,Life satisfaction,average-mean,Average (mean),seasonal-adjustment,Seasonally adjusted
42.50,,,2021-q3,2021 Q3,K02000001,United Kingdom,happiness,Happiness,good,Good,seasonal-adjustment,Seasonally adjusted
16.80,,,2021-q3,2021 Q3,K02000001,United Kingdom,anxiety,Anxiety,fair,Fair,seasonal-adjustment,Seasonally adjusted
26.80,,,2021-q3,2021 Q3,K02000001,United Kingdom,life-satisfaction,Life satisfaction,very-good,Very good,seasonal-adjustment,Seasonally adjusted
12.30,,,2021-q3,2021 Q3,K02000001,United Kingdom,worthwhile,Worthwhile,fair,Fair,seasonal-adjustment,Seasonally adjusted
4.70,4.3,5.0,2021-q3,2021 Q3,K02000001,United Kingdom,life-satisfaction,Life satisfaction,poor,Poor,non-seasonal-adjustment,Non-seasonally adjusted
54.20,53.3,55.1,2021-q3,2021 Q3,K02000001,United Kingdom,life-satisfaction,Life satisfaction,good,Good,non-seasonal-adjustment,Non-seasonally adjusted
36.70,,,2021-q3,2021 Q3,K02000001,United Kingdom,anxiety,Anxiety,very-good,Very good,seasonal-adjustment,Seasonally adjusted
7.50,7.5,7.6,2021-q3,2021 Q3,K02000001,United Kingdom,happiness,Happiness,average-mean,Average (mean),non-seasonal-adjustment,Non-seasonally adjusted
42.30,41.4,43.2,2021-q3,2021 Q3,K02000001,United Kingdom,happiness,Happiness,good,Good,non-seasonal-adjustment,Non-seasonally adjusted
37.20,36.3,38.1,2021-q3,2021 Q3,K02000001,United Kingdom,anxiety,Anxiety,very-good,Very good,non-seasonal-adjustment,Non-seasonally adjusted
50.50,49.6,51.5,2021-q3,2021 Q3,K02000001,United Kingdom,worthwhile,Worthwhile,good,Good,non-seasonal-adjustment,Non-seasonally adjusted
33.50,32.6,34.3,2021-q3,2021 Q3,K02000001,United Kingdom,worthwhile,Worthwhile,very-good,Very good,non-seasonal-adjustment,Non-seasonally adjusted
3.70,,,2021-q3,2021 Q3,K02000001,United Kingdom,worthwhile,Worthwhile,poor,Poor,seasonal-adjustment,Seasonally adjusted
50.50,,,2021-q3,2021 Q3,K02000001,United Kingdom,worthwhile,Worthwhile,good,Good,seasonal-adjustment,Seasonally adjusted
33.10,,,2021-q3,2021 Q3,K02000001,United Kingdom,worthwhile,Worthwhile,very-good,Very good,seasonal-adjustment,Seasonally adjusted
7.80,7.8,7.9,2021-q3,2021 Q3,K02000001,United Kingdom,worthwhile,Worthwhile,average-mean,Average (mean),non-seasonal-adjustment,Non-seasonally adjusted
14.30,,,2021-q3,2021 Q3,K02000001,United Kingdom,life-satisfaction,Life satisfaction,fair,Fair,seasonal-adjustment,Seasonally adjusted
4.70,,,2021-q3,2021 Q3,K02000001,United Kingdom,life-satisfaction,Life satisfaction,poor,Poor,seasonal-adjustment,Seasonally adjusted
24.20,23.4,25.0,2021-q3,2021 Q3,K02000001,United Kingdom,anxiety,Anxiety,good,Good,non-seasonal-adjustment,Non-seasonally adjusted
7.70,7.2,8.2,2021-q3,2021 Q3,K02000001,United Kingdom,happiness,Happiness,poor,Poor,non-seasonal-adjustment,Non-seasonally adjusted
16.80,16.1,17.5,2021-q3,2021 Q3,K02000001,United Kingdom,anxiety,Anxiety,fair,Fair,non-seasonal-adjustment,Non-seasonally adjusted
16.70,,,2021-q3,2021 Q3,K02000001,United Kingdom,happiness,Happiness,fair,Fair,seasonal-adjustment,Seasonally adjusted
14.30,13.7,14.9,2021-q3,2021 Q3,K02000001,United Kingdom,life-satisfaction,Life satisfaction,fair,Fair,non-seasonal-adjustment,Non-seasonally adjusted
3.10,,,2021-q3,2021 Q3,K02000001,United Kingdom,anxiety,Anxiety,average-mean,Average (mean),seasonal-adjustment,Seasonally adjusted
26.80,26.0,27.6,2021-q3,2021 Q3,K02000001,United Kingdom,life-satisfaction,Life satisfaction,very-good,Very good,non-seasonal-adjustment,Non-seasonally adjusted
33.60,32.7,34.5,2021-q3,2021 Q3,K02000001,United Kingdom,happiness,Happiness,very-good,Very good,non-seasonal-adjustment,Non-seasonally adjusted
7.50,,,2021-q3,2021 Q3,K02000001,United Kingdom,happiness,Happiness,average-mean,Average (mean),seasonal-adjustment,Seasonally adjusted
8.00,,,2021-q3,2021 Q3,K02000001,United Kingdom,happiness,Happiness,poor,Poor,seasonal-adjustment,Seasonally adjusted
16.40,15.7,17.2,2021-q3,2021 Q3,K02000001,United Kingdom,happiness,Happiness,fair,Fair,non-seasonal-adjustment,Non-seasonally adjusted
3.10,3.0,3.1,2021-q3,2021 Q3,K02000001,United Kingdom,anxiety,Anxiety,average-mean,Average (mean),non-seasonal-adjustment,Non-seasonally adjusted
33.00,,,2021-q3,2021 Q3,K02000001,United Kingdom,happiness,Happiness,very-good,Very good,seasonal-adjustment,Seasonally adjusted
7.80,,,2021-q3,2021 Q3,K02000001,United Kingdom,worthwhile,Worthwhile,average-mean,Average (mean),seasonal-adjustment,Seasonally adjusted
3.70,3.3,4.0,2021-q3,2021 Q3,K02000001,United Kingdom,worthwhile,Worthwhile,poor,Poor,non-seasonal-adjustment,Non-seasonally adjusted
12.30,11.7,13.0,2021-q3,2021 Q3,K02000001,United Kingdom,worthwhile,Worthwhile,fair,Fair,non-seasonal-adjustment,Non-seasonally adjusted
54.50,,,2021-q3,2021 Q3,K02000001,United Kingdom,life-satisfaction,Life satisfaction,good,Good,seasonal-adjustment,Seasonally adjusted
7.60,7.6,7.6,2021-q3,2021 Q3,K02000001,United Kingdom,life-satisfaction,Life satisfaction,average-mean,Average (mean),non-seasonal-adjustment,Non-seasonally adjusted
21.90,21.1,22.6,2021-q3,2021 Q3,K02000001,United Kingdom,anxiety,Anxiety,poor,Poor,non-seasonal-adjustment,Non-seasonally adjusted
22.30,,,2021-q3,2021 Q3,K02000001,United Kingdom,anxiety,Anxiety,poor,Poor,seasonal-adjustment,Seasonally adjusted
24.20,,,2021-q3,2021 Q3,K02000001,United Kingdom,anxiety,Anxiety,good,Good,seasonal-adjustment,Seasonally adjusted
7.50,,,2020-q3,2020 Q3,K02000001,United Kingdom,life-satisfaction,Life satisfaction,average-mean,Average (mean),seasonal-adjustment,Seasonally adjusted
8.50,7.9,9.1,2020-q3,2020 Q3,K02000001,United Kingdom,happiness,Happiness,poor,Poor,non-seasonal-adjustment,Non-seasonally adjusted
3.20,,,2020-q3,2020 Q3,K02000001,United Kingdom,anxiety,Anxiety,average-mean,Average (mean),seasonal-adjustment,Seasonally adjusted
7.80,7.7,7.8,2020-q3,2020 Q3,K02000001,United Kingdom,worthwhile,Worthwhile,average-mean,Average (mean),non-seasonal-adjustment,Non-seasonally adjusted
32.00,,,2020-q3,2020 Q3,K02000001,United Kingdom,happiness,Happiness,very-good,Very good,seasonal-adjustment,Seasonally adjusted
3.20,3.1,3.2,2020-q3,2020 Q3,K02000001,United Kingdom,anxiety,Anxiety,average-mean,Average (mean),non-seasonal-adjustment,Non-seasonally adjusted
22.80,22.1,23.6,2020-q3,2020 Q3,K02000001,United Kingdom,anxiety,Anxiety,poor,Poor,non-seasonal-adjustment,Non-seasonally adjusted
7.50,7.4,7.5,2020-q3,2020 Q3,K02000001,United Kingdom,happiness,Happiness,average-mean,Average (mean),non-seasonal-adjustment,Non-seasonally adjusted
7.80,,,2020-q3,2020 Q3,K02000001,United Kingdom,worthwhile,Worthwhile,average-mean,Average (mean),seasonal-adjustment,Seasonally adjusted
32.40,,,2020-q3,2020 Q3,K02000001,United Kingdom,worthwhile,Worthwhile,very-good,Very good,seasonal-adjustment,Seasonally adjusted
13.00,12.3,13.7,2020-q3,2020 Q3,K02000001,United Kingdom,worthwhile,Worthwhile,fair,Fair,non-seasonal-adjustment,Non-seasonally adjusted
32.50,31.6,33.3,2020-q3,2020 Q3,K02000001,United Kingdom,happiness,Happiness,very-good,Very good,non-seasonal-adjustment,Non-seasonally adjusted
16.40,15.7,17.1,2020-q3,2020 Q3,K02000001,United Kingdom,happiness,Happiness,fair,Fair,non-seasonal-adjustment,Non-seasonally adjusted
14.90,14.3,15.6,2020-q3,2020 Q3,K02000001,United Kingdom,life-satisfaction,Life satisfaction,fair,Fair,non-seasonal-adjustment,Non-seasonally adjusted
54.90,,,2020-q3,2020 Q3,K02000001,United Kingdom,life-satisfaction,Life satisfaction,good,Good,seasonal-adjustment,Seasonally adjusted
3.90,,,2020-q3,2020 Q3,K02000001,United Kingdom,worthwhile,Worthwhile,poor,Poor,seasonal-adjustment,Seasonally adjusted
17.40,16.8,18.1,2020-q3,2020 Q3,K02000001,United Kingdom,anxiety,Anxiety,fair,Fair,non-seasonal-adjustment,Non-seasonally adjusted
8.90,,,2020-q3,2020 Q3,K02000001,United Kingdom,happiness,Happiness,poor,Poor,seasonal-adjustment,Seasonally adjusted
42.90,,,2020-q3,2020 Q3,K02000001,United Kingdom,happiness,Happiness,good,Good,seasonal-adjustment,Seasonally adjusted
42.60,41.7,43.6,2020-q3,2020 Q3,K02000001,United Kingdom,happiness,Happiness,good,Good,non-seasonal-adjustment,Non-seasonally adjusted
34.40,,,2020-q3,2020 Q3,K02000001,United Kingdom,anxiety,Anxiety,very-good,Very good,seasonal-adjustment,Seasonally adjusted
5.30,,,2020-q3,2020 Q3,K02000001,United Kingdom,life-satisfaction,Life satisfaction,poor,Poor,seasonal-adjustment,Seasonally adjusted
15.00,,,2020-q3,2020 Q3,K02000001,United Kingdom,life-satisfaction,Life satisfaction,fair,Fair,seasonal-adjustment,Seasonally adjusted
54.60,53.7,55.6,2020-q3,2020 Q3,K02000001,United Kingdom,life-satisfaction,Life satisfaction,good,Good,non-seasonal-adjustment,Non-seasonally adjusted
3.90,3.5,4.3,2020-q3,2020 Q3,K02000001,United Kingdom,worthwhile,Worthwhile,poor,Poor,non-seasonal-adjustment,Non-seasonally adjusted
17.40,,,2020-q3,2020 Q3,K02000001,United Kingdom,anxiety,Anxiety,fair,Fair,seasonal-adjustment,Seasonally adjusted
34.80,33.9,35.7,2020-q3,2020 Q3,K02000001,United Kingdom,anxiety,Anxiety,very-good,Very good,non-seasonal-adjustment,Non-seasonally adjusted
24.90,,,2020-q3,2020 Q3,K02000001,United Kingdom,anxiety,Anxiety,good,Good,seasonal-adjustment,Seasonally adjusted
13.00,,,2020-q3,2020 Q3,K02000001,United Kingdom,worthwhile,Worthwhile,fair,Fair,seasonal-adjustment,Seasonally adjusted
50.40,49.5,51.3,2020-q3,2020 Q3,K02000001,United Kingdom,worthwhile,Worthwhile,good,Good,non-seasonal-adjustment,Non-seasonally adjusted
23.30,,,2020-q3,2020 Q3,K02000001,United Kingdom,anxiety,Anxiety,poor,Poor,seasonal-adjustment,Seasonally adjusted
7.40,,,2020-q3,2020 Q3,K02000001,United Kingdom,happiness,Happiness,average-mean,Average (mean),seasonal-adjustment,Seasonally adjusted
16.70,,,2020-q3,2020 Q3,K02000001,United Kingdom,happiness,Happiness,fair,Fair,seasonal-adjustment,Seasonally adjusted
50.40,,,2020-q3,2020 Q3,K02000001,United Kingdom,worthwhile,Worthwhile,good,Good,seasonal-adjustment,Seasonally adjusted
32.70,31.9,33.6,2020-q3,2020 Q3,K02000001,United Kingdom,worthwhile,Worthwhile,very-good,Very good,non-seasonal-adjustment,Non-seasonally adjusted
25.10,,,2020-q3,2020 Q3,K02000001,United Kingdom,life-satisfaction,Life satisfaction,very-good,Very good,seasonal-adjustment,Seasonally adjusted
5.30,4.9,5.7,2020-q3,2020 Q3,K02000001,United Kingdom,life-satisfaction,Life satisfaction,poor,Poor,non-seasonal-adjustment,Non-seasonally adjusted
25.20,24.3,26.0,2020-q3,2020 Q3,K02000001,United Kingdom,life-satisfaction,Life satisfaction,very-good,Very good,non-seasonal-adjustment,Non-seasonally adjusted
24.90,24.1,25.8,2020-q3,2020 Q3,K02000001,United Kingdom,anxiety,Anxiety,good,Good,non-seasonal-adjustment,Non-seasonally adjusted
7.50,7.5,7.5,2020-q3,2020 Q3,K02000001,United Kingdom,life-satisfaction,Life satisfaction,average-mean,Average (mean),non-seasonal-adjustment,Non-seasonally adjusted
7.80,7.8,7.9,2015-q3,2015 Q3,K02000001,United Kingdom,worthwhile,Worthwhile,average-mean,Average (mean),non-seasonal-adjustment,Non-seasonally adjusted
49.10,,,2015-q3,2015 Q3,K02000001,United Kingdom,worthwhile,Worthwhile,good,Good,seasonal-adjustment,Seasonally adjusted
12.70,12.3,13.2,2015-q3,2015 Q3,K02000001,United Kingdom,worthwhile,Worthwhile,fair,Fair,non-seasonal-adjustment,Non-seasonally adjusted
7.40,,,2015-q3,2015 Q3,K02000001,United Kingdom,happiness,Happiness,average-mean,Average (mean),seasonal-adjustment,Seasonally adjusted
8.80,8.4,9.1,2015-q3,2015 Q3,K02000001,United Kingdom,happiness,Happiness,poor,Poor,non-seasonal-adjustment,Non-seasonally adjusted
18.90,18.4,19.5,2015-q3,2015 Q3,K02000001,United Kingdom,anxiety,Anxiety,poor,Poor,non-seasonal-adjustment,Non-seasonally adjusted
2.90,,,2015-q3,2015 Q3,K02000001,United Kingdom,anxiety,Anxiety,average-mean,Average (mean),seasonal-adjustment,Seasonally adjusted
40.60,,,2015-q3,2015 Q3,K02000001,United Kingdom,anxiety,Anxiety,very-good,Very good,seasonal-adjustment,Seasonally adjusted
34.20,,,2015-q3,2015 Q3,K02000001,United Kingdom,worthwhile,Worthwhile,very-good,Very good,seasonal-adjustment,Seasonally adjusted
12.70,,,2015-q3,2015 Q3,K02000001,United Kingdom,worthwhile,Worthwhile,fair,Fair,seasonal-adjustment,Seasonally adjusted
7.50,7.4,7.5,2015-q3,2015 Q3,K02000001,United Kingdom,happiness,Happiness,average-mean,Average (mean),non-seasonal-adjustment,Non-seasonally adjusted
23.10,,,2015-q3,2015 Q3,K02000001,United Kingdom,anxiety,Anxiety,good,Good,seasonal-adjustment,Seasonally adjusted
19.30,,,2015-q3,2015 Q3,K02000001,United Kingdom,anxiety,Anxiety,poor,Poor,seasonal-adjustment,Seasonally adjusted
7.80,,,2015-q3,2015 Q3,K02000001,United Kingdom,worthwhile,Worthwhile,average-mean,Average (mean),seasonal-adjustment,Seasonally adjusted
51.70,51.0,52.4,2015-q3,2015 Q3,K02000001,United Kingdom,life-satisfaction,Life satisfaction,good,Good,non-seasonal-adjustment,Non-seasonally adjusted
49.10,48.4,49.8,2015-q3,2015 Q3,K02000001,United Kingdom,worthwhile,Worthwhile,good,Good,non-seasonal-adjustment,Non-seasonally adjusted
16.90,,,2015-q3,2015 Q3,K02000001,United Kingdom,happiness,Happiness,fair,Fair,seasonal-adjustment,Seasonally adjusted
16.80,16.3,17.4,2015-q3,2015 Q3,K02000001,United Kingdom,anxiety,Anxiety,fair,Fair,non-seasonal-adjustment,Non-seasonally adjusted
14.40,,,2015-q3,2015 Q3,K02000001,United Kingdom,life-satisfaction,Life satisfaction,fair,Fair,seasonal-adjustment,Seasonally adjusted
52.10,,,2015-q3,2015 Q3,K02000001,United Kingdom,life-satisfaction,Life satisfaction,good,Good,seasonal-adjustment,Seasonally adjusted
29.00,,,2015-q3,2015 Q3,K02000001,United Kingdom,life-satisfaction,Life satisfaction,very-good,Very good,seasonal-adjustment,Seasonally adjusted
7.60,,,2015-q3,2015 Q3,K02000001,United Kingdom,life-satisfaction,Life satisfaction,average-mean,Average (mean),seasonal-adjustment,Seasonally adjusted
4.60,4.4,4.9,2015-q3,2015 Q3,K02000001,United Kingdom,life-satisfaction,Life satisfaction,poor,Poor,non-seasonal-adjustment,Non-seasonally adjusted
41.10,40.5,41.8,2015-q3,2015 Q3,K02000001,United Kingdom,anxiety,Anxiety,very-good,Very good,non-seasonal-adjustment,Non-seasonally adjusted
16.80,,,2015-q3,2015 Q3,K02000001,United Kingdom,anxiety,Anxiety,fair,Fair,seasonal-adjustment,Seasonally adjusted
7.60,7.6,7.7,2015-q3,2015 Q3,K02000001,United Kingdom,life-satisfaction,Life satisfaction,average-mean,Average (mean),non-seasonal-adjustment,Non-seasonally adjusted
3.80,,,2015-q3,2015 Q3,K02000001,United Kingdom,worthwhile,Worthwhile,poor,Poor,seasonal-adjustment,Seasonally adjusted
3.80,3.5,4.0,2015-q3,2015 Q3,K02000001,United Kingdom,worthwhile,Worthwhile,poor,Poor,non-seasonal-adjustment,Non-seasonally adjusted
40.10,39.4,40.8,2015-q3,2015 Q3,K02000001,United Kingdom,happiness,Happiness,good,Good,non-seasonal-adjustment,Non-seasonally adjusted
34.60,34.0,35.3,2015-q3,2015 Q3,K02000001,United Kingdom,happiness,Happiness,very-good,Very good,non-seasonal-adjustment,Non-seasonally adjusted
2.80,2.8,2.9,2015-q3,2015 Q3,K02000001,United Kingdom,anxiety,Anxiety,average-mean,Average (mean),non-seasonal-adjustment,Non-seasonally adjusted
14.40,13.9,14.9,2015-q3,2015 Q3,K02000001,United Kingdom,life-satisfaction,Life satisfaction,fair,Fair,non-seasonal-adjustment,Non-seasonally adjusted
40.50,,,2015-q3,2015 Q3,K02000001,United Kingdom,happiness,Happiness,good,Good,seasonal-adjustment,Seasonally adjusted
33.80,,,2015-q3,2015 Q3,K02000001,United Kingdom,happiness,Happiness,very-good,Very good,seasonal-adjustment,Seasonally adjusted
29.30,28.6,29.9,2015-q3,2015 Q3,K02000001,United Kingdom,life-satisfaction,Life satisfaction,very-good,Very good,non-seasonal-adjustment,Non-seasonally adjusted
23.10,22.5,23.7,2015-q3,2015 Q3,K02000001,United Kingdom,anxiety,Anxiety,good,Good,non-seasonal-adjustment,Non-seasonally adjusted
16.50,16.0,17.0,2015-q3,2015 Q3,K02000001,United Kingdom,happiness,Happiness,fair,Fair,non-seasonal-adjustment,Non-seasonally adjusted
4.60,,,2015-q3,2015 Q3,K02000001,United Kingdom,life-satisfaction,Life satisfaction,poor,Poor,seasonal-adjustment,Seasonally adjusted
9.00,,,2015-q3,2015 Q3,K02000001,United Kingdom,happiness,Happiness,poor,Poor,seasonal-adjustment,Seasonally adjusted
34.40,33.7,35.1,2015-q3,2015 Q3,K02000001,United Kingdom,worthwhile,Worthwhile,very-good,Very good,non-seasonal-adjustment,Non-seasonally adjusted
16.00,,,2022-q4,2022 Q4,K02000001,United Kingdom,life-satisfaction,Life satisfaction,fair,Fair,seasonal-adjustment,Seasonally adjusted
55.60,54.5,56.7,2022-q4,2022 Q4,K02000001,United Kingdom,life-satisfaction,Life satisfaction,good,Good,non-seasonal-adjustment,Non-seasonally adjusted
23.30,22.4,24.2,2022-q4,2022 Q4,K02000001,United Kingdom,life-satisfaction,Life satisfaction,very-good,Very good,non-seasonal-adjustment,Non-seasonally adjusted
15.70,14.9,16.5,2022-q4,2022 Q4,K02000001,United Kingdom,life-satisfaction,Life satisfaction,fair,Fair,non-seasonal-adjustment,Non-seasonally adjusted
16.90,,,2022-q4,2022 Q4,K02000001,United Kingdom,happiness,Happiness,fair,Fair,seasonal-adjustment,Seasonally adjusted
54.90,,,2022-q4,2022 Q4,K02000001,United Kingdom,life-satisfaction,Life satisfaction,good,Good,seasonal-adjustment,Seasonally adjusted
23.80,,,2022-q4,2022 Q4,K02000001,United Kingdom,life-satisfaction,Life satisfaction,very-good,Very good,seasonal-adjustment,Seasonally adjusted
8.50,7.9,9.1,2022-q4,2022 Q4,K02000001,United Kingdom,happiness,Happiness,poor,Poor,non-seasonal-adjustment,Non-seasonally adjusted
17.20,16.4,18.1,2022-q4,2022 Q4,K02000001,United Kingdom,happiness,Happiness,fair,Fair,non-seasonal-adjustment,Non-seasonally adjusted
23.30,,,2022-q4,2022 Q4,K02000001,United Kingdom,anxiety,Anxiety,poor,Poor,seasonal-adjustment,Seasonally adjusted
13.20,,,2022-q4,2022 Q4,K02000001,United Kingdom,worthwhile,Worthwhile,fair,Fair,seasonal-adjustment,Seasonally adjusted
3.80,,,2022-q4,2022 Q4,K02000001,United Kingdom,worthwhile,Worthwhile,poor,Poor,seasonal-adjustment,Seasonally adjusted
29.40,28.4,30.4,2022-q4,2022 Q4,K02000001,United Kingdom,happiness,Happiness,very-good,Very good,non-seasonal-adjustment,Non-seasonally adjusted
7.50,,,2022-q4,2022 Q4,K02000001,United Kingdom,life-satisfaction,Life satisfaction,average-mean,Average (mean),seasonal-adjustment,Seasonally adjusted
3.20,,,2022-q4,2022 Q4,K02000001,United Kingdom,anxiety,Anxiety,average-mean,Average (mean),seasonal-adjustment,Seasonally adjusted
32.10,31.1,33.1,2022-q4,2022 Q4,K02000001,United Kingdom,worthwhile,Worthwhile,very-good,Very good,non-seasonal-adjustment,Non-seasonally adjusted
7.80,7.7,7.8,2022-q4,2022 Q4,K02000001,United Kingdom,worthwhile,Worthwhile,average-mean,Average (mean),non-seasonal-adjustment,Non-seasonally adjusted
50.80,49.7,51.9,2022-q4,2022 Q4,K02000001,United Kingdom,worthwhile,Worthwhile,good,Good,non-seasonal-adjustment,Non-seasonally adjusted
32.60,,,2022-q4,2022 Q4,K02000001,United Kingdom,worthwhile,Worthwhile,very-good,Very good,seasonal-adjustment,Seasonally adjusted
7.40,7.3,7.4,2022-q4,2022 Q4,K02000001,United Kingdom,happiness,Happiness,average-mean,Average (mean),non-seasonal-adjustment,Non-seasonally adjusted
44.90,43.8,46.0,2022-q4,2022 Q4,K02000001,United Kingdom,happiness,Happiness,good,Good,non-seasonal-adjustment,Non-seasonally adjusted
5.40,,,2022-q4,2022 Q4,K02000001,United Kingdom,life-satisfaction,Life satisfaction,poor,Poor,seasonal-adjustment,Seasonally adjusted
23.50,22.6,24.5,2022-q4,2022 Q4,K02000001,United Kingdom,anxiety,Anxiety,good,Good,non-seasonal-adjustment,Non-seasonally adjusted
8.10,,,2022-q4,2022 Q4,K02000001,United Kingdom,happiness,Happiness,poor,Poor,seasonal-adjustment,Seasonally adjusted
34.40,,,2022-q4,2022 Q4,K02000001,United Kingdom,anxiety,Anxiety,very-good,Very good,seasonal-adjustment,Seasonally adjusted
19.10,,,2022-q4,2022 Q4,K02000001,United Kingdom,anxiety,Anxiety,fair,Fair,seasonal-adjustment,Seasonally adjusted
7.80,,,2022-q4,2022 Q4,K02000001,United Kingdom,worthwhile,Worthwhile,average-mean,Average (mean),seasonal-adjustment,Seasonally adjusted
7.40,,,2022-q4,2022 Q4,K02000001,United Kingdom,happiness,Happiness,average-mean,Average (mean),seasonal-adjustment,Seasonally adjusted
30.50,,,2022-q4,2022 Q4,K02000001,United Kingdom,happiness,Happiness,very-good,Very good,seasonal-adjustment,Seasonally adjusted
5.40,4.9,5.9,2022-q4,2022 Q4,K02000001,United Kingdom,life-satisfaction,Life satisfaction,poor,Poor,non-seasonal-adjustment,Non-seasonally adjusted
3.80,3.4,4.2,2022-q4,2022 Q4,K02000001,United Kingdom,worthwhile,Worthwhile,poor,Poor,non-seasonal-adjustment,Non-seasonally adjusted
3.30,3.2,3.3,2022-q4,2022 Q4,K02000001,United Kingdom,anxiety,Anxiety,average-mean,Average (mean),non-seasonal-adjustment,Non-seasonally adjusted
33.80,32.8,34.8,2022-q4,2022 Q4,K02000001,United Kingdom,anxiety,Anxiety,very-good,Very good,non-seasonal-adjustment,Non-seasonally adjusted
50.80,,,2022-q4,2022 Q4,K02000001,United Kingdom,worthwhile,Worthwhile,good,Good,seasonal-adjustment,Seasonally adjusted
23.50,,,2022-q4,2022 Q4,K02000001,United Kingdom,anxiety,Anxiety,good,Good,seasonal-adjustment,Seasonally adjusted
44.30,,,2022-q4,2022 Q4,K02000001,United Kingdom,happiness,Happiness,good,Good,seasonal-adjustment,Seasonally adjusted
13.20,12.4,14.0,2022-q4,2022 Q4,K02000001,United Kingdom,worthwhile,Worthwhile,fair,Fair,non-seasonal-adjustment,Non-seasonally adjusted
19.10,18.2,20.0,2022-q4,2022 Q4,K02000001,United Kingdom,anxiety,Anxiety,fair,Fair,non-seasonal-adjustment,Non-seasonally adjusted
23.60,22.7,24.5,2022-q4,2022 Q4,K02000001,United Kingdom,anxiety,Anxiety,poor,Poor,non-seasonal-adjustment,Non-seasonally adjusted
7.50,7.4,7.5,2022-q4,2022 Q4,K02000001,United Kingdom,life-satisfaction,Life satisfaction,average-mean,Average (mean),non-seasonal-adjustment,Non-seasonally adjusted
49.50,48.9,50.2,2015-q1,2015 Q1,K02000001,United Kingdom,worthwhile,Worthwhile,good,Good,non-seasonal-adjustment,Non-seasonally adjusted
7.80,7.8,7.9,2015-q1,2015 Q1,K02000001,United Kingdom,worthwhile,Worthwhile,average-mean,Average (mean),non-seasonal-adjustment,Non-seasonally adjusted
34.40,33.8,35.0,2015-q1,2015 Q1,K02000001,United Kingdom,worthwhile,Worthwhile,very-good,Very good,non-seasonal-adjustment,Non-seasonally adjusted
7.50,,,2015-q1,2015 Q1,K02000001,United Kingdom,happiness,Happiness,average-mean,Average (mean),seasonal-adjustment,Seasonally adjusted
8.50,,,2015-q1,2015 Q1,K02000001,United Kingdom,happiness,Happiness,poor,Poor,seasonal-adjustment,Seasonally adjusted
41.60,40.9,42.2,2015-q1,2015 Q1,K02000001,United Kingdom,happiness,Happiness,good,Good,non-seasonal-adjustment,Non-seasonally adjusted
14.20,,,2015-q1,2015 Q1,K02000001,United Kingdom,life-satisfaction,Life satisfaction,fair,Fair,seasonal-adjustment,Seasonally adjusted
12.70,,,2015-q1,2015 Q1,K02000001,United Kingdom,worthwhile,Worthwhile,fair,Fair,seasonal-adjustment,Seasonally adjusted
34.70,,,2015-q1,2015 Q1,K02000001,United Kingdom,worthwhile,Worthwhile,very-good,Very good,seasonal-adjustment,Seasonally adjusted
7.40,7.4,7.5,2015-q1,2015 Q1,K02000001,United Kingdom,happiness,Happiness,average-mean,Average (mean),non-seasonal-adjustment,Non-seasonally adjusted
2.80,,,2015-q1,2015 Q1,K02000001,United Kingdom,anxiety,Anxiety,average-mean,Average (mean),seasonal-adjustment,Seasonally adjusted
49.50,,,2015-q1,2015 Q1,K02000001,United Kingdom,worthwhile,Worthwhile,good,Good,seasonal-adjustment,Seasonally adjusted
7.90,,,2015-q1,2015 Q1,K02000001,United Kingdom,worthwhile,Worthwhile,average-mean,Average (mean),seasonal-adjustment,Seasonally adjusted
3.30,,,2015-q1,2015 Q1,K02000001,United Kingdom,worthwhile,Worthwhile,poor,Poor,seasonal-adjustment,Seasonally adjusted
14.30,13.9,14.8,2015-q1,2015 Q1,K02000001,United Kingdom,life-satisfaction,Life satisfaction,fair,Fair,non-seasonal-adjustment,Non-seasonally adjusted
53.00,52.4,53.7,2015-q1,2015 Q1,K02000001,United Kingdom,life-satisfaction,Life satisfaction,good,Good,non-seasonal-adjustment,Non-seasonally adjusted
28.20,27.6,28.8,2015-q1,2015 Q1,K02000001,United Kingdom,life-satisfaction,Life satisfaction,very-good,Very good,non-seasonal-adjustment,Non-seasonally adjusted
16.80,16.3,17.3,2015-q1,2015 Q1,K02000001,United Kingdom,happiness,Happiness,fair,Fair,non-seasonal-adjustment,Non-seasonally adjusted
32.90,32.3,33.6,2015-q1,2015 Q1,K02000001,United Kingdom,happiness,Happiness,very-good,Very good,non-seasonal-adjustment,Non-seasonally adjusted
3.30,3.1,3.6,2015-q1,2015 Q1,K02000001,United Kingdom,worthwhile,Worthwhile,poor,Poor,non-seasonal-adjustment,Non-seasonally adjusted
4.40,4.2,4.7,2015-q1,2015 Q1,K02000001,United Kingdom,life-satisfaction,Life satisfaction,poor,Poor,non-seasonal-adjustment,Non-seasonally adjusted
41.10,,,2015-q1,2015 Q1,K02000001,United Kingdom,happiness,Happiness,good,Good,seasonal-adjustment,Seasonally adjusted
7.70,,,2015-q1,2015 Q1,K02000001,United Kingdom,life-satisfaction,Life satisfaction,average-mean,Average (mean),seasonal-adjustment,Seasonally adjusted
52.50,,,2015-q1,2015 Q1,K02000001,United Kingdom,life-satisfaction,Life satisfaction,good,Good,seasonal-adjustment,Seasonally adjusted
28.70,,,2015-q1,2015 Q1,K02000001,United Kingdom,life-satisfaction,Life satisfaction,very-good,Very good,seasonal-adjustment,Seasonally adjusted
12.70,12.3,13.2,2015-q1,2015 Q1,K02000001,United Kingdom,worthwhile,Worthwhile,fair,Fair,non-seasonal-adjustment,Non-seasonally adjusted
19.00,18.5,19.5,2015-q1,2015 Q1,K02000001,United Kingdom,anxiety,Anxiety,poor,Poor,non-seasonal-adjustment,Non-seasonally adjusted
16.40,,,2015-q1,2015 Q1,K02000001,United Kingdom,anxiety,Anxiety,fair,Fair,seasonal-adjustment,Seasonally adjusted
41.30,,,2015-q1,2015 Q1,K02000001,United Kingdom,anxiety,Anxiety,very-good,Very good,seasonal-adjustment,Seasonally adjusted
2.80,2.8,2.9,2015-q1,2015 Q1,K02000001,United Kingdom,anxiety,Anxiety,average-mean,Average (mean),non-seasonal-adjustment,Non-seasonally adjusted
16.40,15.9,16.9,2015-q1,2015 Q1,K02000001,United Kingdom,anxiety,Anxiety,fair,Fair,non-seasonal-adjustment,Non-seasonally adjusted
23.50,,,2015-q1,2015 Q1,K02000001,United Kingdom,anxiety,Anxiety,good,Good,seasonal-adjustment,Seasonally adjusted
18.80,,,2015-q1,2015 Q1,K02000001,United Kingdom,anxiety,Anxiety,poor,Poor,seasonal-adjustment,Seasonally adjusted
41.10,40.4,41.8,2015-q1,2015 Q1,K02000001,United Kingdom,anxiety,Anxiety,very-good,Very good,non-seasonal-adjustment,Non-seasonally adjusted
7.60,7.6,7.7,2015-q1,2015 Q1,K02000001,United Kingdom,life-satisfaction,Life satisfaction,average-mean,Average (mean),non-seasonal-adjustment,Non-seasonally adjusted
23.50,22.9,24.1,2015-q1,2015 Q1,K02000001,United Kingdom,anxiety,Anxiety,good,Good,non-seasonal-adjustment,Non-seasonally adjusted
4.40,,,2015-q1,2015 Q1,K02000001,United Kingdom,life-satisfaction,Life satisfaction,poor,Poor,seasonal-adjustment,Seasonally adjusted
16.30,,,2015-q1,2015 Q1,K02000001,United Kingdom,happiness,Happiness,fair,Fair,seasonal-adjustment,Seasonally adjusted
34.10,,,2015-q1,2015 Q1,K02000001,United Kingdom,happiness,Happiness,very-good,Very good,seasonal-adjustment,Seasonally adjusted
8.70,8.3,9.1,2015-q1,2015 Q1,K02000001,United Kingdom,happiness,Happiness,poor,Poor,non-seasonal-adjustment,Non-seasonally adjusted
7.30,,,2020-q4,2020 Q4,K02000001,United Kingdom,life-satisfaction,Life satisfaction,average-mean,Average (mean),seasonal-adjustment,Seasonally adjusted
18.40,,,2020-q4,2020 Q4,K02000001,United Kingdom,life-satisfaction,Life satisfaction,fair,Fair,seasonal-adjustment,Seasonally adjusted
53.30,,,2020-q4,2020 Q4,K02000001,United Kingdom,life-satisfaction,Life satisfaction,good,Good,seasonal-adjustment,Seasonally adjusted
54.10,53.2,54.9,2020-q4,2020 Q4,K02000001,United Kingdom,life-satisfaction,Life satisfaction,good,Good,non-seasonal-adjustment,Non-seasonally adjusted
24.90,,,2020-q4,2020 Q4,K02000001,United Kingdom,anxiety,Anxiety,poor,Poor,seasonal-adjustment,Seasonally adjusted
22.10,,,2020-q4,2020 Q4,K02000001,United Kingdom,life-satisfaction,Life satisfaction,very-good,Very good,seasonal-adjustment,Seasonally adjusted
13.60,13.0,14.2,2020-q4,2020 Q4,K02000001,United Kingdom,worthwhile,Worthwhile,fair,Fair,non-seasonal-adjustment,Non-seasonally adjusted
51.40,50.5,52.3,2020-q4,2020 Q4,K02000001,United Kingdom,worthwhile,Worthwhile,good,Good,non-seasonal-adjustment,Non-seasonally adjusted
4.30,3.9,4.6,2020-q4,2020 Q4,K02000001,United Kingdom,worthwhile,Worthwhile,poor,Poor,non-seasonal-adjustment,Non-seasonally adjusted
30.70,29.9,31.5,2020-q4,2020 Q4,K02000001,United Kingdom,worthwhile,Worthwhile,very-good,Very good,non-seasonal-adjustment,Non-seasonally adjusted
4.30,,,2020-q4,2020 Q4,K02000001,United Kingdom,worthwhile,Worthwhile,poor,Poor,seasonal-adjustment,Seasonally adjusted
7.20,7.2,7.3,2020-q4,2020 Q4,K02000001,United Kingdom,happiness,Happiness,average-mean,Average (mean),non-seasonal-adjustment,Non-seasonally adjusted
43.60,42.7,44.4,2020-q4,2020 Q4,K02000001,United Kingdom,happiness,Happiness,good,Good,non-seasonal-adjustment,Non-seasonally adjusted
31.20,,,2020-q4,2020 Q4,K02000001,United Kingdom,worthwhile,Worthwhile,very-good,Very good,seasonal-adjustment,Seasonally adjusted
25.20,24.5,25.9,2020-q4,2020 Q4,K02000001,United Kingdom,anxiety,Anxiety,poor,Poor,non-seasonal-adjustment,Non-seasonally adjusted
19.60,19.0,20.3,2020-q4,2020 Q4,K02000001,United Kingdom,happiness,Happiness,fair,Fair,non-seasonal-adjustment,Non-seasonally adjusted
7.30,7.3,7.4,2020-q4,2020 Q4,K02000001,United Kingdom,life-satisfaction,Life satisfaction,average-mean,Average (mean),non-seasonal-adjustment,Non-seasonally adjusted
28.30,,,2020-q4,2020 Q4,K02000001,United Kingdom,happiness,Happiness,very-good,Very good,seasonal-adjustment,Seasonally adjusted
43.10,,,2020-q4,2020 Q4,K02000001,United Kingdom,happiness,Happiness,good,Good,seasonal-adjustment,Seasonally adjusted
7.70,7.7,7.7,2020-q4,2020 Q4,K02000001,United Kingdom,worthwhile,Worthwhile,average-mean,Average (mean),non-seasonal-adjustment,Non-seasonally adjusted
7.30,,,2020-q4,2020 Q4,K02000001,United Kingdom,happiness,Happiness,average-mean,Average (mean),seasonal-adjustment,Seasonally adjusted
6.00,5.6,6.4,2020-q4,2020 Q4,K02000001,United Kingdom,life-satisfaction,Life satisfaction,poor,Poor,non-seasonal-adjustment,Non-seasonally adjusted
9.50,9.0,10.0,2020-q4,2020 Q4,K02000001,United Kingdom,happiness,Happiness,poor,Poor,non-seasonal-adjustment,Non-seasonally adjusted
24.30,23.6,25.1,2020-q4,2020 Q4,K02000001,United Kingdom,anxiety,Anxiety,good,Good,non-seasonal-adjustment,Non-seasonally adjusted
19.20,,,2020-q4,2020 Q4,K02000001,United Kingdom,happiness,Happiness,fair,Fair,seasonal-adjustment,Seasonally adjusted
7.70,,,2020-q4,2020 Q4,K02000001,United Kingdom,worthwhile,Worthwhile,average-mean,Average (mean),seasonal-adjustment,Seasonally adjusted
13.60,,,2020-q4,2020 Q4,K02000001,United Kingdom,worthwhile,Worthwhile,fair,Fair,seasonal-adjustment,Seasonally adjusted
21.70,21.0,22.4,2020-q4,2020 Q4,K02000001,United Kingdom,life-satisfaction,Life satisfaction,very-good,Very good,non-seasonal-adjustment,Non-seasonally adjusted
19.70,,,2020-q4,2020 Q4,K02000001,United Kingdom,anxiety,Anxiety,fair,Fair,seasonal-adjustment,Seasonally adjusted
18.20,17.5,18.9,2020-q4,2020 Q4,K02000001,United Kingdom,life-satisfaction,Life satisfaction,fair,Fair,non-seasonal-adjustment,Non-seasonally adjusted
19.70,19.0,20.3,2020-q4,2020 Q4,K02000001,United Kingdom,anxiety,Anxiety,fair,Fair,non-seasonal-adjustment,Non-seasonally adjusted
51.40,,,2020-q4,2020 Q4,K02000001,United Kingdom,worthwhile,Worthwhile,good,Good,seasonal-adjustment,Seasonally adjusted
6.00,,,2020-q4,2020 Q4,K02000001,United Kingdom,life-satisfaction,Life satisfaction,poor,Poor,seasonal-adjustment,Seasonally adjusted
3.40,3.4,3.5,2020-q4,2020 Q4,K02000001,United Kingdom,anxiety,Anxiety,average-mean,Average (mean),non-seasonal-adjustment,Non-seasonally adjusted
3.40,,,2020-q4,2020 Q4,K02000001,United Kingdom,anxiety,Anxiety,average-mean,Average (mean),seasonal-adjustment,Seasonally adjusted
24.30,,,2020-q4,2020 Q4,K02000001,United Kingdom,anxiety,Anxiety,good,Good,seasonal-adjustment,Seasonally adjusted
30.80,30.0,31.6,2020-q4,2020 Q4,K02000001,United Kingdom,anxiety,Anxiety,very-good,Very good,non-seasonal-adjustment,Non-seasonally adjusted
27.30,26.5,28.1,2020-q4,2020 Q4,K02000001,United Kingdom,happiness,Happiness,very-good,Very good,non-seasonal-adjustment,Non-seasonally adjusted
9.00,,,2020-q4,2020 Q4,K02000001,United Kingdom,happiness,Happiness,poor,Poor,seasonal-adjustment,Seasonally adjusted
31.30,,,2020-q4,2020 Q4,K02000001,United Kingdom,anxiety,Anxiety,very-good,Very good,seasonal-adjustment,Seasonally adjusted
4.90,,,2022-q3,2022 Q3,K02000001,United Kingdom,life-satisfaction,Life satisfaction,poor,Poor,seasonal-adjustment,Seasonally adjusted
44.30,43.2,45.3,2022-q3,2022 Q3,K02000001,United Kingdom,happiness,Happiness,good,Good,non-seasonal-adjustment,Non-seasonally adjusted
54.50,53.4,55.5,2022-q3,2022 Q3,K02000001,United Kingdom,life-satisfaction,Life satisfaction,good,Good,non-seasonal-adjustment,Non-seasonally adjusted
8.50,7.9,9.0,2022-q3,2022 Q3,K02000001,United Kingdom,happiness,Happiness,poor,Poor,non-seasonal-adjustment,Non-seasonally adjusted
17.70,,,2022-q3,2022 Q3,K02000001,United Kingdom,anxiety,Anxiety,fair,Fair,seasonal-adjustment,Seasonally adjusted
31.40,,,2022-q3,2022 Q3,K02000001,United Kingdom,worthwhile,Worthwhile,very-good,Very good,seasonal-adjustment,Seasonally adjusted
7.80,,,2022-q3,2022 Q3,K02000001,United Kingdom,worthwhile,Worthwhile,average-mean,Average (mean),seasonal-adjustment,Seasonally adjusted
3.20,3.1,3.2,2022-q3,2022 Q3,K02000001,United Kingdom,anxiety,Anxiety,average-mean,Average (mean),non-seasonal-adjustment,Non-seasonally adjusted
35.40,34.4,36.4,2022-q3,2022 Q3,K02000001,United Kingdom,anxiety,Anxiety,very-good,Very good,non-seasonal-adjustment,Non-seasonally adjusted
7.50,,,2022-q3,2022 Q3,K02000001,United Kingdom,life-satisfaction,Life satisfaction,average-mean,Average (mean),seasonal-adjustment,Seasonally adjusted
31.70,30.8,32.7,2022-q3,2022 Q3,K02000001,United Kingdom,worthwhile,Worthwhile,very-good,Very good,non-seasonal-adjustment,Non-seasonally adjusted
16.40,,,2022-q3,2022 Q3,K02000001,United Kingdom,life-satisfaction,Life satisfaction,fair,Fair,seasonal-adjustment,Seasonally adjusted
51.20,,,2022-q3,2022 Q3,K02000001,United Kingdom,worthwhile,Worthwhile,good,Good,seasonal-adjustment,Seasonally adjusted
16.80,16.0,17.6,2022-q3,2022 Q3,K02000001,United Kingdom,happiness,Happiness,fair,Fair,non-seasonal-adjustment,Non-seasonally adjusted
12.80,12.1,13.5,2022-q3,2022 Q3,K02000001,United Kingdom,worthwhile,Worthwhile,fair,Fair,non-seasonal-adjustment,Non-seasonally adjusted
12.80,,,2022-q3,2022 Q3,K02000001,United Kingdom,worthwhile,Worthwhile,fair,Fair,seasonal-adjustment,Seasonally adjusted
44.40,,,2022-q3,2022 Q3,K02000001,United Kingdom,happiness,Happiness,good,Good,seasonal-adjustment,Seasonally adjusted
30.00,,,2022-q3,2022 Q3,K02000001,United Kingdom,happiness,Happiness,very-good,Very good,seasonal-adjustment,Seasonally adjusted
16.40,15.6,17.2,2022-q3,2022 Q3,K02000001,United Kingdom,life-satisfaction,Life satisfaction,fair,Fair,non-seasonal-adjustment,Non-seasonally adjusted
7.80,7.7,7.8,2022-q3,2022 Q3,K02000001,United Kingdom,worthwhile,Worthwhile,average-mean,Average (mean),non-seasonal-adjustment,Non-seasonally adjusted
51.20,50.2,52.3,2022-q3,2022 Q3,K02000001,United Kingdom,worthwhile,Worthwhile,good,Good,non-seasonal-adjustment,Non-seasonally adjusted
24.30,,,2022-q3,2022 Q3,K02000001,United Kingdom,life-satisfaction,Life satisfaction,very-good,Very good,seasonal-adjustment,Seasonally adjusted
34.90,,,2022-q3,2022 Q3,K02000001,United Kingdom,anxiety,Anxiety,very-good,Very good,seasonal-adjustment,Seasonally adjusted
22.90,,,2022-q3,2022 Q3,K02000001,United Kingdom,anxiety,Anxiety,poor,Poor,seasonal-adjustment,Seasonally adjusted
3.20,,,2022-q3,2022 Q3,K02000001,United Kingdom,anxiety,Anxiety,average-mean,Average (mean),seasonal-adjustment,Seasonally adjusted
4.20,3.8,4.7,2022-q3,2022 Q3,K02000001,United Kingdom,worthwhile,Worthwhile,poor,Poor,non-seasonal-adjustment,Non-seasonally adjusted
7.40,,,2022-q3,2022 Q3,K02000001,United Kingdom,happiness,Happiness,average-mean,Average (mean),seasonal-adjustment,Seasonally adjusted
4.20,,,2022-q3,2022 Q3,K02000001,United Kingdom,worthwhile,Worthwhile,poor,Poor,seasonal-adjustment,Seasonally adjusted
8.90,,,2022-q3,2022 Q3,K02000001,United Kingdom,happiness,Happiness,poor,Poor,seasonal-adjustment,Seasonally adjusted
22.40,21.6,23.3,2022-q3,2022 Q3,K02000001,United Kingdom,anxiety,Anxiety,poor,Poor,non-seasonal-adjustment,Non-seasonally adjusted
54.80,,,2022-q3,2022 Q3,K02000001,United Kingdom,life-satisfaction,Life satisfaction,good,Good,seasonal-adjustment,Seasonally adjusted
4.90,4.5,5.3,2022-q3,2022 Q3,K02000001,United Kingdom,life-satisfaction,Life satisfaction,poor,Poor,non-seasonal-adjustment,Non-seasonally adjusted
7.50,7.4,7.5,2022-q3,2022 Q3,K02000001,United Kingdom,life-satisfaction,Life satisfaction,average-mean,Average (mean),non-seasonal-adjustment,Non-seasonally adjusted
24.50,23.6,25.3,2022-q3,2022 Q3,K02000001,United Kingdom,anxiety,Anxiety,good,Good,non-seasonal-adjustment,Non-seasonally adjusted
7.40,7.4,7.4,2022-q3,2022 Q3,K02000001,United Kingdom,happiness,Happiness,average-mean,Average (mean),non-seasonal-adjustment,Non-seasonally adjusted
30.50,29.5,31.4,2022-q3,2022 Q3,K02000001,United Kingdom,happiness,Happiness,very-good,Very good,non-seasonal-adjustment,Non-seasonally adjusted
17.70,16.9,18.5,2022-q3,2022 Q3,K02000001,United Kingdom,anxiety,Anxiety,fair,Fair,non-seasonal-adjustment,Non-seasonally adjusted
17.10,,,2022-q3,2022 Q3,K02000001,United Kingdom,happiness,Happiness,fair,Fair,seasonal-adjustment,Seasonally adjusted
24.20,23.4,25.1,2022-q3,2022 Q3,K02000001,United Kingdom,life-satisfaction,Life satisfaction,very-good,Very good,non-seasonal-adjustment,Non-seasonally adjusted
24.50,,,2022-q3,2022 Q3,K02000001,United Kingdom,anxiety,Anxiety,good,Good,seasonal-adjustment,Seasonally adjusted
16.80,,,2022-q2,2022 Q2,K02000001,United Kingdom,happiness,Happiness,fair,Fair,seasonal-adjustment,Seasonally adjusted
54.50,,,2022-q2,2022 Q2,K02000001,United Kingdom,life-satisfaction,Life satisfaction,good,Good,seasonal-adjustment,Seasonally adjusted
25.30,,,2022-q2,2022 Q2,K02000001,United Kingdom,life-satisfaction,Life satisfaction,very-good,Very good,seasonal-adjustment,Seasonally adjusted
3.20,,,2022-q2,2022 Q2,K02000001,United Kingdom,anxiety,Anxiety,average-mean,Average (mean),seasonal-adjustment,Seasonally adjusted
49.20,,,2022-q2,2022 Q2,K02000001,United Kingdom,worthwhile,Worthwhile,good,Good,seasonal-adjustment,Seasonally adjusted
14.90,14.2,15.6,2022-q2,2022 Q2,K02000001,United Kingdom,life-satisfaction,Life satisfaction,fair,Fair,non-seasonal-adjustment,Non-seasonally adjusted
43.10,42.1,44.1,2022-q2,2022 Q2,K02000001,United Kingdom,happiness,Happiness,good,Good,non-seasonal-adjustment,Non-seasonally adjusted
24.60,,,2022-q2,2022 Q2,K02000001,United Kingdom,anxiety,Anxiety,good,Good,seasonal-adjustment,Seasonally adjusted
13.90,,,2022-q2,2022 Q2,K02000001,United Kingdom,worthwhile,Worthwhile,fair,Fair,seasonal-adjustment,Seasonally adjusted
32.40,,,2022-q2,2022 Q2,K02000001,United Kingdom,worthwhile,Worthwhile,very-good,Very good,seasonal-adjustment,Seasonally adjusted
7.50,7.4,7.5,2022-q2,2022 Q2,K02000001,United Kingdom,happiness,Happiness,average-mean,Average (mean),non-seasonal-adjustment,Non-seasonally adjusted
8.40,7.9,9.0,2022-q2,2022 Q2,K02000001,United Kingdom,happiness,Happiness,poor,Poor,non-seasonal-adjustment,Non-seasonally adjusted
7.80,,,2022-q2,2022 Q2,K02000001,United Kingdom,worthwhile,Worthwhile,average-mean,Average (mean),seasonal-adjustment,Seasonally adjusted
33.10,32.1,34.0,2022-q2,2022 Q2,K02000001,United Kingdom,worthwhile,Worthwhile,very-good,Very good,non-seasonal-adjustment,Non-seasonally adjusted
3.20,3.1,3.2,2022-q2,2022 Q2,K02000001,United Kingdom,anxiety,Anxiety,average-mean,Average (mean),non-seasonal-adjustment,Non-seasonally adjusted
24.60,23.7,25.4,2022-q2,2022 Q2,K02000001,United Kingdom,anxiety,Anxiety,good,Good,non-seasonal-adjustment,Non-seasonally adjusted
43.80,,,2022-q2,2022 Q2,K02000001,United Kingdom,happiness,Happiness,good,Good,seasonal-adjustment,Seasonally adjusted
30.90,,,2022-q2,2022 Q2,K02000001,United Kingdom,happiness,Happiness,very-good,Very good,seasonal-adjustment,Seasonally adjusted
14.90,,,2022-q2,2022 Q2,K02000001,United Kingdom,life-satisfaction,Life satisfaction,fair,Fair,seasonal-adjustment,Seasonally adjusted
5.00,4.6,5.4,2022-q2,2022 Q2,K02000001,United Kingdom,life-satisfaction,Life satisfaction,poor,Poor,non-seasonal-adjustment,Non-seasonally adjusted
7.50,,,2022-q2,2022 Q2,K02000001,United Kingdom,life-satisfaction,Life satisfaction,average-mean,Average (mean),seasonal-adjustment,Seasonally adjusted
5.00,,,2022-q2,2022 Q2,K02000001,United Kingdom,life-satisfaction,Life satisfaction,poor,Poor,seasonal-adjustment,Seasonally adjusted
35.20,34.2,36.1,2022-q2,2022 Q2,K02000001,United Kingdom,anxiety,Anxiety,very-good,Very good,non-seasonal-adjustment,Non-seasonally adjusted
34.50,,,2022-q2,2022 Q2,K02000001,United Kingdom,anxiety,Anxiety,very-good,Very good,seasonal-adjustment,Seasonally adjusted
7.40,,,2022-q2,2022 Q2,K02000001,United Kingdom,happiness,Happiness,average-mean,Average (mean),seasonal-adjustment,Seasonally adjusted
7.80,7.7,7.8,2022-q2,2022 Q2,K02000001,United Kingdom,worthwhile,Worthwhile,average-mean,Average (mean),non-seasonal-adjustment,Non-seasonally adjusted
3.80,3.5,4.2,2022-q2,2022 Q2,K02000001,United Kingdom,worthwhile,Worthwhile,poor,Poor,non-seasonal-adjustment,Non-seasonally adjusted
26.00,25.1,26.9,2022-q2,2022 Q2,K02000001,United Kingdom,life-satisfaction,Life satisfaction,very-good,Very good,non-seasonal-adjustment,Non-seasonally adjusted
16.20,15.4,17.0,2022-q2,2022 Q2,K02000001,United Kingdom,happiness,Happiness,fair,Fair,non-seasonal-adjustment,Non-seasonally adjusted
23.20,,,2022-q2,2022 Q2,K02000001,United Kingdom,anxiety,Anxiety,poor,Poor,seasonal-adjustment,Seasonally adjusted
22.90,22.0,23.7,2022-q2,2022 Q2,K02000001,United Kingdom,anxiety,Anxiety,poor,Poor,non-seasonal-adjustment,Non-seasonally adjusted
3.80,,,2022-q2,2022 Q2,K02000001,United Kingdom,worthwhile,Worthwhile,poor,Poor,seasonal-adjustment,Seasonally adjusted
8.70,,,2022-q2,2022 Q2,K02000001,United Kingdom,happiness,Happiness,poor,Poor,seasonal-adjustment,Seasonally adjusted
17.40,,,2022-q2,2022 Q2,K02000001,United Kingdom,anxiety,Anxiety,fair,Fair,seasonal-adjustment,Seasonally adjusted
13.90,13.2,14.7,2022-q2,2022 Q2,K02000001,United Kingdom,worthwhile,Worthwhile,fair,Fair,non-seasonal-adjustment,Non-seasonally adjusted
49.20,48.2,50.2,2022-q2,2022 Q2,K02000001,United Kingdom,worthwhile,Worthwhile,good,Good,non-seasonal-adjustment,Non-seasonally adjusted
54.10,53.1,55.1,2022-q2,2022 Q2,K02000001,United Kingdom,life-satisfaction,Life satisfaction,good,Good,non-seasonal-adjustment,Non-seasonally adjusted
32.30,31.3,33.2,2022-q2,2022 Q2,K02000001,United Kingdom,happiness,Happiness,very-good,Very good,non-seasonal-adjustment,Non-seasonally adjusted
17.40,16.6,18.2,2022-q2,2022 Q2,K02000001,United Kingdom,anxiety,Anxiety,fair,Fair,non-seasonal-adjustment,Non-seasonally adjusted
7.50,7.5,7.6,2022-q2,2022 Q2,K02000001,United Kingdom,life-satisfaction,Life satisfaction,average-mean,Average (mean),non-seasonal-adjustment,Non-seasonally adjusted
7.70,,,2020-q1,2020 Q1,K02000001,United Kingdom,life-satisfaction,Life satisfaction,average-mean,Average (mean),seasonal-adjustment,Seasonally adjusted
29.20,,,2020-q1,2020 Q1,K02000001,United Kingdom,life-satisfaction,Life satisfaction,very-good,Very good,seasonal-adjustment,Seasonally adjusted
4.80,,,2020-q1,2020 Q1,K02000001,United Kingdom,life-satisfaction,Life satisfaction,poor,Poor,seasonal-adjustment,Seasonally adjusted
18.00,17.4,18.6,2020-q1,2020 Q1,K02000001,United Kingdom,happiness,Happiness,fair,Fair,non-seasonal-adjustment,Non-seasonally adjusted
3.20,,,2020-q1,2020 Q1,K02000001,United Kingdom,anxiety,Anxiety,average-mean,Average (mean),seasonal-adjustment,Seasonally adjusted
12.00,,,2020-q1,2020 Q1,K02000001,United Kingdom,worthwhile,Worthwhile,fair,Fair,seasonal-adjustment,Seasonally adjusted
3.90,3.6,4.2,2020-q1,2020 Q1,K02000001,United Kingdom,worthwhile,Worthwhile,poor,Poor,non-seasonal-adjustment,Non-seasonally adjusted
40.90,,,2020-q1,2020 Q1,K02000001,United Kingdom,happiness,Happiness,good,Good,seasonal-adjustment,Seasonally adjusted
34.90,34.1,35.6,2020-q1,2020 Q1,K02000001,United Kingdom,worthwhile,Worthwhile,very-good,Very good,non-seasonal-adjustment,Non-seasonally adjusted
7.30,7.3,7.4,2020-q1,2020 Q1,K02000001,United Kingdom,happiness,Happiness,average-mean,Average (mean),non-seasonal-adjustment,Non-seasonally adjusted
7.90,,,2020-q1,2020 Q1,K02000001,United Kingdom,worthwhile,Worthwhile,average-mean,Average (mean),seasonal-adjustment,Seasonally adjusted
3.90,,,2020-q1,2020 Q1,K02000001,United Kingdom,worthwhile,Worthwhile,poor,Poor,seasonal-adjustment,Seasonally adjusted
49.20,,,2020-q1,2020 Q1,K02000001,United Kingdom,worthwhile,Worthwhile,good,Good,seasonal-adjustment,Seasonally adjusted
31.30,30.5,32.0,2020-q1,2020 Q1,K02000001,United Kingdom,happiness,Happiness,very-good,Very good,non-seasonal-adjustment,Non-seasonally adjusted
7.80,7.8,7.9,2020-q1,2020 Q1,K02000001,United Kingdom,worthwhile,Worthwhile,average-mean,Average (mean),non-seasonal-adjustment,Non-seasonally adjusted
12.00,11.5,12.5,2020-q1,2020 Q1,K02000001,United Kingdom,worthwhile,Worthwhile,fair,Fair,non-seasonal-adjustment,Non-seasonally adjusted
52.30,,,2020-q1,2020 Q1,K02000001,United Kingdom,life-satisfaction,Life satisfaction,good,Good,seasonal-adjustment,Seasonally adjusted
41.30,40.5,42.0,2020-q1,2020 Q1,K02000001,United Kingdom,happiness,Happiness,good,Good,non-seasonal-adjustment,Non-seasonally adjusted
23.30,22.6,23.9,2020-q1,2020 Q1,K02000001,United Kingdom,anxiety,Anxiety,good,Good,non-seasonal-adjustment,Non-seasonally adjusted
35.50,,,2020-q1,2020 Q1,K02000001,United Kingdom,anxiety,Anxiety,very-good,Very good,seasonal-adjustment,Seasonally adjusted
17.60,,,2020-q1,2020 Q1,K02000001,United Kingdom,anxiety,Anxiety,fair,Fair,seasonal-adjustment,Seasonally adjusted
29.00,28.3,29.7,2020-q1,2020 Q1,K02000001,United Kingdom,life-satisfaction,Life satisfaction,very-good,Very good,non-seasonal-adjustment,Non-seasonally adjusted
24.10,23.4,24.8,2020-q1,2020 Q1,K02000001,United Kingdom,anxiety,Anxiety,poor,Poor,non-seasonal-adjustment,Non-seasonally adjusted
32.00,,,2020-q1,2020 Q1,K02000001,United Kingdom,happiness,Happiness,very-good,Very good,seasonal-adjustment,Seasonally adjusted
4.80,4.5,5.1,2020-q1,2020 Q1,K02000001,United Kingdom,life-satisfaction,Life satisfaction,poor,Poor,non-seasonal-adjustment,Non-seasonally adjusted
9.30,,,2020-q1,2020 Q1,K02000001,United Kingdom,happiness,Happiness,poor,Poor,seasonal-adjustment,Seasonally adjusted
17.50,,,2020-q1,2020 Q1,K02000001,United Kingdom,happiness,Happiness,fair,Fair,seasonal-adjustment,Seasonally adjusted
14.00,13.4,14.5,2020-q1,2020 Q1,K02000001,United Kingdom,life-satisfaction,Life satisfaction,fair,Fair,non-seasonal-adjustment,Non-seasonally adjusted
23.60,,,2020-q1,2020 Q1,K02000001,United Kingdom,anxiety,Anxiety,poor,Poor,seasonal-adjustment,Seasonally adjusted
7.60,7.6,7.7,2020-q1,2020 Q1,K02000001,United Kingdom,life-satisfaction,Life satisfaction,average-mean,Average (mean),non-seasonal-adjustment,Non-seasonally adjusted
35.00,34.2,35.8,2020-q1,2020 Q1,K02000001,United Kingdom,anxiety,Anxiety,very-good,Very good,non-seasonal-adjustment,Non-seasonally adjusted
35.40,,,2020-q1,2020 Q1,K02000001,United Kingdom,worthwhile,Worthwhile,very-good,Very good,seasonal-adjustment,Seasonally adjusted
13.80,,,2020-q1,2020 Q1,K02000001,United Kingdom,life-satisfaction,Life satisfaction,fair,Fair,seasonal-adjustment,Seasonally adjusted
23.30,,,2020-q1,2020 Q1,K02000001,United Kingdom,anxiety,Anxiety,good,Good,seasonal-adjustment,Seasonally adjusted
49.20,48.5,50.0,2020-q1,2020 Q1,K02000001,United Kingdom,worthwhile,Worthwhile,good,Good,non-seasonal-adjustment,Non-seasonally adjusted
7.40,,,2020-q1,2020 Q1,K02000001,United Kingdom,happiness,Happiness,average-mean,Average (mean),seasonal-adjustment,Seasonally adjusted
3.30,3.2,3.3,2020-q1,2020 Q1,K02000001,United Kingdom,anxiety,Anxiety,average-mean,Average (mean),non-seasonal-adjustment,Non-seasonally adjusted
17.60,17.0,18.2,2020-q1,2020 Q1,K02000001,United Kingdom,anxiety,Anxiety,fair,Fair,non-seasonal-adjustment,Non-seasonally adjusted
9.40,9.0,9.9,2020-q1,2020 Q1,K02000001,United Kingdom,happiness,Happiness,poor,Poor,non-seasonal-adjustment,Non-seasonally adjusted
52.30,51.5,53.1,2020-q1,2020 Q1,K02000001,United Kingdom,life-satisfaction,Life satisfaction,good,Good,non-seasonal-adjustment,Non-seasonally adjusted
4.50,,,2019-q4,2019 Q4,K02000001,United Kingdom,life-satisfaction,Life satisfaction,poor,Poor,seasonal-adjustment,Seasonally adjusted
29.60,,,2019-q4,2019 Q4,K02000001,United Kingdom,life-satisfaction,Life satisfaction,very-good,Very good,seasonal-adjustment,Seasonally adjusted
51.90,,,2019-q4,2019 Q4,K02000001,United Kingdom,life-satisfaction,Life satisfaction,good,Good,seasonal-adjustment,Seasonally adjusted
12.50,12.0,13.0,2019-q4,2019 Q4,K02000001,United Kingdom,worthwhile,Worthwhile,fair,Fair,non-seasonal-adjustment,Non-seasonally adjusted
16.40,15.9,17.0,2019-q4,2019 Q4,K02000001,United Kingdom,happiness,Happiness,fair,Fair,non-seasonal-adjustment,Non-seasonally adjusted
14.00,,,2019-q4,2019 Q4,K02000001,United Kingdom,life-satisfaction,Life satisfaction,fair,Fair,seasonal-adjustment,Seasonally adjusted
35.10,34.4,35.9,2019-q4,2019 Q4,K02000001,United Kingdom,worthwhile,Worthwhile,very-good,Very good,non-seasonal-adjustment,Non-seasonally adjusted
48.60,,,2019-q4,2019 Q4,K02000001,United Kingdom,worthwhile,Worthwhile,good,Good,seasonal-adjustment,Seasonally adjusted
8.20,,,2019-q4,2019 Q4,K02000001,United Kingdom,happiness,Happiness,poor,Poor,seasonal-adjustment,Seasonally adjusted
7.70,7.6,7.7,2019-q4,2019 Q4,K02000001,United Kingdom,life-satisfaction,Life satisfaction,average-mean,Average (mean),non-seasonal-adjustment,Non-seasonally adjusted
4.50,4.2,4.7,2019-q4,2019 Q4,K02000001,United Kingdom,life-satisfaction,Life satisfaction,poor,Poor,non-seasonal-adjustment,Non-seasonally adjusted
16.10,,,2019-q4,2019 Q4,K02000001,United Kingdom,happiness,Happiness,fair,Fair,seasonal-adjustment,Seasonally adjusted
7.80,7.8,7.9,2019-q4,2019 Q4,K02000001,United Kingdom,worthwhile,Worthwhile,average-mean,Average (mean),non-seasonal-adjustment,Non-seasonally adjusted
48.60,47.9,49.4,2019-q4,2019 Q4,K02000001,United Kingdom,worthwhile,Worthwhile,good,Good,non-seasonal-adjustment,Non-seasonally adjusted
12.50,,,2019-q4,2019 Q4,K02000001,United Kingdom,worthwhile,Worthwhile,fair,Fair,seasonal-adjustment,Seasonally adjusted
35.60,,,2019-q4,2019 Q4,K02000001,United Kingdom,worthwhile,Worthwhile,very-good,Very good,seasonal-adjustment,Seasonally adjusted
34.00,33.3,34.7,2019-q4,2019 Q4,K02000001,United Kingdom,happiness,Happiness,very-good,Very good,non-seasonal-adjustment,Non-seasonally adjusted
7.50,,,2019-q4,2019 Q4,K02000001,United Kingdom,happiness,Happiness,average-mean,Average (mean),seasonal-adjustment,Seasonally adjusted
7.50,7.4,7.5,2019-q4,2019 Q4,K02000001,United Kingdom,happiness,Happiness,average-mean,Average (mean),non-seasonal-adjustment,Non-seasonally adjusted
8.60,8.2,9.0,2019-q4,2019 Q4,K02000001,United Kingdom,happiness,Happiness,poor,Poor,non-seasonal-adjustment,Non-seasonally adjusted
38.60,37.9,39.4,2019-q4,2019 Q4,K02000001,United Kingdom,anxiety,Anxiety,very-good,Very good,non-seasonal-adjustment,Non-seasonally adjusted
3.00,,,2019-q4,2019 Q4,K02000001,United Kingdom,anxiety,Anxiety,average-mean,Average (mean),seasonal-adjustment,Seasonally adjusted
13.90,13.3,14.4,2019-q4,2019 Q4,K02000001,United Kingdom,life-satisfaction,Life satisfaction,fair,Fair,non-seasonal-adjustment,Non-seasonally adjusted
3.70,,,2019-q4,2019 Q4,K02000001,United Kingdom,worthwhile,Worthwhile,poor,Poor,seasonal-adjustment,Seasonally adjusted
23.40,,,2019-q4,2019 Q4,K02000001,United Kingdom,anxiety,Anxiety,good,Good,seasonal-adjustment,Seasonally adjusted
52.60,51.9,53.3,2019-q4,2019 Q4,K02000001,United Kingdom,life-satisfaction,Life satisfaction,good,Good,non-seasonal-adjustment,Non-seasonally adjusted
29.10,28.4,29.8,2019-q4,2019 Q4,K02000001,United Kingdom,life-satisfaction,Life satisfaction,very-good,Very good,non-seasonal-adjustment,Non-seasonally adjusted
23.40,22.8,24.0,2019-q4,2019 Q4,K02000001,United Kingdom,anxiety,Anxiety,good,Good,non-seasonal-adjustment,Non-seasonally adjusted
40.50,,,2019-q4,2019 Q4,K02000001,United Kingdom,happiness,Happiness,good,Good,seasonal-adjustment,Seasonally adjusted
35.20,,,2019-q4,2019 Q4,K02000001,United Kingdom,happiness,Happiness,very-good,Very good,seasonal-adjustment,Seasonally adjusted
7.70,,,2019-q4,2019 Q4,K02000001,United Kingdom,life-satisfaction,Life satisfaction,average-mean,Average (mean),seasonal-adjustment,Seasonally adjusted
3.70,3.5,4.0,2019-q4,2019 Q4,K02000001,United Kingdom,worthwhile,Worthwhile,poor,Poor,non-seasonal-adjustment,Non-seasonally adjusted
7.90,,,2019-q4,2019 Q4,K02000001,United Kingdom,worthwhile,Worthwhile,average-mean,Average (mean),seasonal-adjustment,Seasonally adjusted
3.00,3.0,3.0,2019-q4,2019 Q4,K02000001,United Kingdom,anxiety,Anxiety,average-mean,Average (mean),non-seasonal-adjustment,Non-seasonally adjusted
16.70,16.2,17.3,2019-q4,2019 Q4,K02000001,United Kingdom,anxiety,Anxiety,fair,Fair,non-seasonal-adjustment,Non-seasonally adjusted
21.30,20.7,21.9,2019-q4,2019 Q4,K02000001,United Kingdom,anxiety,Anxiety,poor,Poor,non-seasonal-adjustment,Non-seasonally adjusted
40.90,40.2,41.6,2019-q4,2019 Q4,K02000001,United Kingdom,happiness,Happiness,good,Good,non-seasonal-adjustment,Non-seasonally adjusted
39.30,,,2019-q4,2019 Q4,K02000001,United Kingdom,anxiety,Anxiety,very-good,Very good,seasonal-adjustment,Seasonally adjusted
21.00,,,2019-q4,2019 Q4,K02000001,United Kingdom,anxiety,Anxiety,poor,Poor,seasonal-adjustment,Seasonally adjusted
16.70,,,2019-q4,2019 Q4,K02000001,United Kingdom,anxiety,Anxiety,fair,Fair,seasonal-adjustment,Seasonally adjusted
23.50,,,2015-q2,2015 Q2,K02000001,United Kingdom,anxiety,Anxiety,good,Good,seasonal-adjustment,Seasonally adjusted
7.80,,,2015-q2,2015 Q2,K02000001,United Kingdom,worthwhile,Worthwhile,average-mean,Average (mean),seasonal-adjustment,Seasonally adjusted
49.80,,,2015-q2,2015 Q2,K02000001,United Kingdom,worthwhile,Worthwhile,good,Good,seasonal-adjustment,Seasonally adjusted
12.40,11.9,12.8,2015-q2,2015 Q2,K02000001,United Kingdom,worthwhile,Worthwhile,fair,Fair,non-seasonal-adjustment,Non-seasonally adjusted
16.40,,,2015-q2,2015 Q2,K02000001,United Kingdom,happiness,Happiness,fair,Fair,seasonal-adjustment,Seasonally adjusted
4.40,,,2015-q2,2015 Q2,K02000001,United Kingdom,life-satisfaction,Life satisfaction,poor,Poor,seasonal-adjustment,Seasonally adjusted
16.00,,,2015-q2,2015 Q2,K02000001,United Kingdom,anxiety,Anxiety,fair,Fair,seasonal-adjustment,Seasonally adjusted
13.90,13.5,14.4,2015-q2,2015 Q2,K02000001,United Kingdom,life-satisfaction,Life satisfaction,fair,Fair,non-seasonal-adjustment,Non-seasonally adjusted
41.20,,,2015-q2,2015 Q2,K02000001,United Kingdom,anxiety,Anxiety,very-good,Very good,seasonal-adjustment,Seasonally adjusted
19.10,,,2015-q2,2015 Q2,K02000001,United Kingdom,anxiety,Anxiety,poor,Poor,seasonal-adjustment,Seasonally adjusted
8.50,,,2015-q2,2015 Q2,K02000001,United Kingdom,happiness,Happiness,poor,Poor,seasonal-adjustment,Seasonally adjusted
7.50,7.5,7.6,2015-q2,2015 Q2,K02000001,United Kingdom,happiness,Happiness,average-mean,Average (mean),non-seasonal-adjustment,Non-seasonally adjusted
3.40,,,2015-q2,2015 Q2,K02000001,United Kingdom,worthwhile,Worthwhile,poor,Poor,seasonal-adjustment,Seasonally adjusted
2.80,,,2015-q2,2015 Q2,K02000001,United Kingdom,anxiety,Anxiety,average-mean,Average (mean),seasonal-adjustment,Seasonally adjusted
33.90,,,2015-q2,2015 Q2,K02000001,United Kingdom,worthwhile,Worthwhile,very-good,Very good,seasonal-adjustment,Seasonally adjusted
8.20,7.8,8.6,2015-q2,2015 Q2,K02000001,United Kingdom,happiness,Happiness,poor,Poor,non-seasonal-adjustment,Non-seasonally adjusted
15.80,15.3,16.2,2015-q2,2015 Q2,K02000001,United Kingdom,happiness,Happiness,fair,Fair,non-seasonal-adjustment,Non-seasonally adjusted
40.90,,,2015-q2,2015 Q2,K02000001,United Kingdom,happiness,Happiness,good,Good,seasonal-adjustment,Seasonally adjusted
34.00,,,2015-q2,2015 Q2,K02000001,United Kingdom,happiness,Happiness,very-good,Very good,seasonal-adjustment,Seasonally adjusted
41.50,40.8,42.2,2015-q2,2015 Q2,K02000001,United Kingdom,anxiety,Anxiety,very-good,Very good,non-seasonal-adjustment,Non-seasonally adjusted
3.40,3.2,3.7,2015-q2,2015 Q2,K02000001,United Kingdom,worthwhile,Worthwhile,poor,Poor,non-seasonal-adjustment,Non-seasonally adjusted
12.40,,,2015-q2,2015 Q2,K02000001,United Kingdom,worthwhile,Worthwhile,fair,Fair,seasonal-adjustment,Seasonally adjusted
18.90,18.4,19.5,2015-q2,2015 Q2,K02000001,United Kingdom,anxiety,Anxiety,poor,Poor,non-seasonal-adjustment,Non-seasonally adjusted
7.60,,,2015-q2,2015 Q2,K02000001,United Kingdom,life-satisfaction,Life satisfaction,average-mean,Average (mean),seasonal-adjustment,Seasonally adjusted
28.80,,,2015-q2,2015 Q2,K02000001,United Kingdom,life-satisfaction,Life satisfaction,very-good,Very good,seasonal-adjustment,Seasonally adjusted
34.40,33.7,35.0,2015-q2,2015 Q2,K02000001,United Kingdom,worthwhile,Worthwhile,very-good,Very good,non-seasonal-adjustment,Non-seasonally adjusted
2.80,2.8,2.9,2015-q2,2015 Q2,K02000001,United Kingdom,anxiety,Anxiety,average-mean,Average (mean),non-seasonal-adjustment,Non-seasonally adjusted
16.00,15.5,16.5,2015-q2,2015 Q2,K02000001,United Kingdom,anxiety,Anxiety,fair,Fair,non-seasonal-adjustment,Non-seasonally adjusted
4.40,4.1,4.7,2015-q2,2015 Q2,K02000001,United Kingdom,life-satisfaction,Life satisfaction,poor,Poor,non-seasonal-adjustment,Non-seasonally adjusted
52.20,51.5,52.9,2015-q2,2015 Q2,K02000001,United Kingdom,life-satisfaction,Life satisfaction,good,Good,non-seasonal-adjustment,Non-seasonally adjusted
29.40,28.8,30.1,2015-q2,2015 Q2,K02000001,United Kingdom,life-satisfaction,Life satisfaction,very-good,Very good,non-seasonal-adjustment,Non-seasonally adjusted
7.50,,,2015-q2,2015 Q2,K02000001,United Kingdom,happiness,Happiness,average-mean,Average (mean),seasonal-adjustment,Seasonally adjusted
7.90,7.8,7.9,2015-q2,2015 Q2,K02000001,United Kingdom,worthwhile,Worthwhile,average-mean,Average (mean),non-seasonal-adjustment,Non-seasonally adjusted
14.20,,,2015-q2,2015 Q2,K02000001,United Kingdom,life-satisfaction,Life satisfaction,fair,Fair,seasonal-adjustment,Seasonally adjusted
52.50,,,2015-q2,2015 Q2,K02000001,United Kingdom,life-satisfaction,Life satisfaction,good,Good,seasonal-adjustment,Seasonally adjusted
40.60,40.0,41.3,2015-q2,2015 Q2,K02000001,United Kingdom,happiness,Happiness,good,Good,non-seasonal-adjustment,Non-seasonally adjusted
7.70,7.6,7.7,2015-q2,2015 Q2,K02000001,United Kingdom,life-satisfaction,Life satisfaction,average-mean,Average (mean),non-seasonal-adjustment,Non-seasonally adjusted
35.40,34.7,36.1,2015-q2,2015 Q2,K02000001,United Kingdom,happiness,Happiness,very-good,Very good,non-seasonal-adjustment,Non-seasonally adjusted
23.50,22.9,24.1,2015-q2,2015 Q2,K02000001,United Kingdom,anxiety,Anxiety,good,Good,non-seasonal-adjustment,Non-seasonally adjusted
49.80,49.1,50.5,2015-q2,2015 Q2,K02000001,United Kingdom,worthwhile,Worthwhile,good,Good,non-seasonal-adjustment,Non-seasonally adjusted
17.90,,,2011-q2,2011 Q2,K02000001,United Kingdom,anxiety,Anxiety,fair,Fair,seasonal-adjustment,Seasonally adjusted
5.00,,,2011-q2,2011 Q2,K02000001,United Kingdom,worthwhile,Worthwhile,poor,Poor,seasonal-adjustment,Seasonally adjusted
48.60,,,2011-q2,2011 Q2,K02000001,United Kingdom,worthwhile,Worthwhile,good,Good,seasonal-adjustment,Seasonally adjusted
38.60,,,2011-q2,2011 Q2,K02000001,United Kingdom,happiness,Happiness,good,Good,seasonal-adjustment,Seasonally adjusted
7.60,7.6,7.7,2011-q2,2011 Q2,K02000001,United Kingdom,worthwhile,Worthwhile,average-mean,Average (mean),non-seasonal-adjustment,Non-seasonally adjusted
7.60,,,2011-q2,2011 Q2,K02000001,United Kingdom,worthwhile,Worthwhile,average-mean,Average (mean),seasonal-adjustment,Seasonally adjusted
17.60,17.1,18.1,2011-q2,2011 Q2,K02000001,United Kingdom,happiness,Happiness,fair,Fair,non-seasonal-adjustment,Non-seasonally adjusted
30.50,,,2011-q2,2011 Q2,K02000001,United Kingdom,worthwhile,Worthwhile,very-good,Very good,seasonal-adjustment,Seasonally adjusted
35.20,34.6,35.9,2011-q2,2011 Q2,K02000001,United Kingdom,anxiety,Anxiety,very-good,Very good,non-seasonal-adjustment,Non-seasonally adjusted
11.40,,,2011-q2,2011 Q2,K02000001,United Kingdom,happiness,Happiness,poor,Poor,seasonal-adjustment,Seasonally adjusted
18.20,,,2011-q2,2011 Q2,K02000001,United Kingdom,happiness,Happiness,fair,Fair,seasonal-adjustment,Seasonally adjusted
38.40,37.7,39.1,2011-q2,2011 Q2,K02000001,United Kingdom,happiness,Happiness,good,Good,non-seasonal-adjustment,Non-seasonally adjusted
32.80,32.2,33.5,2011-q2,2011 Q2,K02000001,United Kingdom,happiness,Happiness,very-good,Very good,non-seasonal-adjustment,Non-seasonally adjusted
5.00,4.6,5.3,2011-q2,2011 Q2,K02000001,United Kingdom,worthwhile,Worthwhile,poor,Poor,non-seasonal-adjustment,Non-seasonally adjusted
23.80,,,2011-q2,2011 Q2,K02000001,United Kingdom,anxiety,Anxiety,good,Good,seasonal-adjustment,Seasonally adjusted
23.10,,,2011-q2,2011 Q2,K02000001,United Kingdom,anxiety,Anxiety,poor,Poor,seasonal-adjustment,Seasonally adjusted
30.90,30.2,31.5,2011-q2,2011 Q2,K02000001,United Kingdom,worthwhile,Worthwhile,very-good,Very good,non-seasonal-adjustment,Non-seasonally adjusted
7.30,7.3,7.3,2011-q2,2011 Q2,K02000001,United Kingdom,happiness,Happiness,average-mean,Average (mean),non-seasonal-adjustment,Non-seasonally adjusted
23.10,22.5,23.7,2011-q2,2011 Q2,K02000001,United Kingdom,anxiety,Anxiety,poor,Poor,non-seasonal-adjustment,Non-seasonally adjusted
49.50,48.8,50.2,2011-q2,2011 Q2,K02000001,United Kingdom,life-satisfaction,Life satisfaction,good,Good,non-seasonal-adjustment,Non-seasonally adjusted
7.40,,,2011-q2,2011 Q2,K02000001,United Kingdom,life-satisfaction,Life satisfaction,average-mean,Average (mean),seasonal-adjustment,Seasonally adjusted
17.70,,,2011-q2,2011 Q2,K02000001,United Kingdom,life-satisfaction,Life satisfaction,fair,Fair,seasonal-adjustment,Seasonally adjusted
49.70,,,2011-q2,2011 Q2,K02000001,United Kingdom,life-satisfaction,Life satisfaction,good,Good,seasonal-adjustment,Seasonally adjusted
48.60,47.9,49.3,2011-q2,2011 Q2,K02000001,United Kingdom,worthwhile,Worthwhile,good,Good,non-seasonal-adjustment,Non-seasonally adjusted
17.90,17.3,18.4,2011-q2,2011 Q2,K02000001,United Kingdom,anxiety,Anxiety,fair,Fair,non-seasonal-adjustment,Non-seasonally adjusted
3.30,,,2011-q2,2011 Q2,K02000001,United Kingdom,anxiety,Anxiety,average-mean,Average (mean),seasonal-adjustment,Seasonally adjusted
3.20,3.2,3.3,2011-q2,2011 Q2,K02000001,United Kingdom,anxiety,Anxiety,average-mean,Average (mean),non-seasonal-adjustment,Non-seasonally adjusted
23.80,23.2,24.4,2011-q2,2011 Q2,K02000001,United Kingdom,anxiety,Anxiety,good,Good,non-seasonal-adjustment,Non-seasonally adjusted
7.20,,,2011-q2,2011 Q2,K02000001,United Kingdom,happiness,Happiness,average-mean,Average (mean),seasonal-adjustment,Seasonally adjusted
31.40,,,2011-q2,2011 Q2,K02000001,United Kingdom,happiness,Happiness,very-good,Very good,seasonal-adjustment,Seasonally adjusted
15.60,,,2011-q2,2011 Q2,K02000001,United Kingdom,worthwhile,Worthwhile,fair,Fair,seasonal-adjustment,Seasonally adjusted
7.40,7.3,7.4,2011-q2,2011 Q2,K02000001,United Kingdom,life-satisfaction,Life satisfaction,average-mean,Average (mean),non-seasonal-adjustment,Non-seasonally adjusted
25.70,25.1,26.3,2011-q2,2011 Q2,K02000001,United Kingdom,life-satisfaction,Life satisfaction,very-good,Very good,non-seasonal-adjustment,Non-seasonally adjusted
7.20,6.8,7.6,2011-q2,2011 Q2,K02000001,United Kingdom,life-satisfaction,Life satisfaction,poor,Poor,non-seasonal-adjustment,Non-seasonally adjusted
35.10,,,2011-q2,2011 Q2,K02000001,United Kingdom,anxiety,Anxiety,very-good,Very good,seasonal-adjustment,Seasonally adjusted
11.20,10.7,11.6,2011-q2,2011 Q2,K02000001,United Kingdom,happiness,Happiness,poor,Poor,non-seasonal-adjustment,Non-seasonally adjusted
7.20,,,2011-q2,2011 Q2,K02000001,United Kingdom,life-satisfaction,Life satisfaction,poor,Poor,seasonal-adjustment,Seasonally adjusted
25.30,,,2011-q2,2011 Q2,K02000001,United Kingdom,life-satisfaction,Life satisfaction,very-good,Very good,seasonal-adjustment,Seasonally adjusted
15.60,15.1,16.1,2011-q2,2011 Q2,K02000001,United Kingdom,worthwhile,Worthwhile,fair,Fair,non-seasonal-adjustment,Non-seasonally adjusted
17.50,17.0,18.1,2011-q2,2011 Q2,K02000001,United Kingdom,life-satisfaction,Life satisfaction,fair,Fair,non-seasonal-adjustment,Non-seasonally adjusted
13.10,,,2019-q1,2019 Q1,K02000001,United Kingdom,life-satisfaction,Life satisfaction,fair,Fair,seasonal-adjustment,Seasonally adjusted
51.90,,,2019-q1,2019 Q1,K02000001,United Kingdom,life-satisfaction,Life satisfaction,good,Good,seasonal-adjustment,Seasonally adjusted
41.70,41.0,42.5,2019-q1,2019 Q1,K02000001,United Kingdom,happiness,Happiness,good,Good,non-seasonal-adjustment,Non-seasonally adjusted
7.70,,,2019-q1,2019 Q1,K02000001,United Kingdom,life-satisfaction,Life satisfaction,average-mean,Average (mean),seasonal-adjustment,Seasonally adjusted
7.90,7.9,7.9,2019-q1,2019 Q1,K02000001,United Kingdom,worthwhile,Worthwhile,average-mean,Average (mean),non-seasonal-adjustment,Non-seasonally adjusted
49.00,48.3,49.8,2019-q1,2019 Q1,K02000001,United Kingdom,worthwhile,Worthwhile,good,Good,non-seasonal-adjustment,Non-seasonally adjusted
7.90,,,2019-q1,2019 Q1,K02000001,United Kingdom,worthwhile,Worthwhile,average-mean,Average (mean),seasonal-adjustment,Seasonally adjusted
49.00,,,2019-q1,2019 Q1,K02000001,United Kingdom,worthwhile,Worthwhile,good,Good,seasonal-adjustment,Seasonally adjusted
39.90,,,2019-q1,2019 Q1,K02000001,United Kingdom,anxiety,Anxiety,very-good,Very good,seasonal-adjustment,Seasonally adjusted
34.30,33.6,35.0,2019-q1,2019 Q1,K02000001,United Kingdom,happiness,Happiness,very-good,Very good,non-seasonal-adjustment,Non-seasonally adjusted
35.10,,,2019-q1,2019 Q1,K02000001,United Kingdom,happiness,Happiness,very-good,Very good,seasonal-adjustment,Seasonally adjusted
11.70,11.3,12.2,2019-q1,2019 Q1,K02000001,United Kingdom,worthwhile,Worthwhile,fair,Fair,non-seasonal-adjustment,Non-seasonally adjusted
2.90,,,2019-q1,2019 Q1,K02000001,United Kingdom,anxiety,Anxiety,average-mean,Average (mean),seasonal-adjustment,Seasonally adjusted
23.70,,,2019-q1,2019 Q1,K02000001,United Kingdom,anxiety,Anxiety,good,Good,seasonal-adjustment,Seasonally adjusted
8.10,7.7,8.4,2019-q1,2019 Q1,K02000001,United Kingdom,happiness,Happiness,poor,Poor,non-seasonal-adjustment,Non-seasonally adjusted
35.60,34.9,36.3,2019-q1,2019 Q1,K02000001,United Kingdom,worthwhile,Worthwhile,very-good,Very good,non-seasonal-adjustment,Non-seasonally adjusted
3.60,3.4,3.9,2019-q1,2019 Q1,K02000001,United Kingdom,worthwhile,Worthwhile,poor,Poor,non-seasonal-adjustment,Non-seasonally adjusted
30.80,,,2019-q1,2019 Q1,K02000001,United Kingdom,life-satisfaction,Life satisfaction,very-good,Very good,seasonal-adjustment,Seasonally adjusted
15.90,15.4,16.4,2019-q1,2019 Q1,K02000001,United Kingdom,happiness,Happiness,fair,Fair,non-seasonal-adjustment,Non-seasonally adjusted
39.50,38.8,40.2,2019-q1,2019 Q1,K02000001,United Kingdom,anxiety,Anxiety,very-good,Very good,non-seasonal-adjustment,Non-seasonally adjusted
7.70,7.7,7.7,2019-q1,2019 Q1,K02000001,United Kingdom,life-satisfaction,Life satisfaction,average-mean,Average (mean),non-seasonal-adjustment,Non-seasonally adjusted
30.50,29.8,31.2,2019-q1,2019 Q1,K02000001,United Kingdom,life-satisfaction,Life satisfaction,very-good,Very good,non-seasonal-adjustment,Non-seasonally adjusted
13.20,12.7,13.7,2019-q1,2019 Q1,K02000001,United Kingdom,life-satisfaction,Life satisfaction,fair,Fair,non-seasonal-adjustment,Non-seasonally adjusted
20.50,19.9,21.0,2019-q1,2019 Q1,K02000001,United Kingdom,anxiety,Anxiety,poor,Poor,non-seasonal-adjustment,Non-seasonally adjusted
15.50,,,2019-q1,2019 Q1,K02000001,United Kingdom,happiness,Happiness,fair,Fair,seasonal-adjustment,Seasonally adjusted
41.30,,,2019-q1,2019 Q1,K02000001,United Kingdom,happiness,Happiness,good,Good,seasonal-adjustment,Seasonally adjusted
11.70,,,2019-q1,2019 Q1,K02000001,United Kingdom,worthwhile,Worthwhile,fair,Fair,seasonal-adjustment,Seasonally adjusted
7.50,7.5,7.5,2019-q1,2019 Q1,K02000001,United Kingdom,happiness,Happiness,average-mean,Average (mean),non-seasonal-adjustment,Non-seasonally adjusted
2.90,2.9,3.0,2019-q1,2019 Q1,K02000001,United Kingdom,anxiety,Anxiety,average-mean,Average (mean),non-seasonal-adjustment,Non-seasonally adjusted
20.10,,,2019-q1,2019 Q1,K02000001,United Kingdom,anxiety,Anxiety,poor,Poor,seasonal-adjustment,Seasonally adjusted
7.60,,,2019-q1,2019 Q1,K02000001,United Kingdom,happiness,Happiness,average-mean,Average (mean),seasonal-adjustment,Seasonally adjusted
23.70,23.1,24.3,2019-q1,2019 Q1,K02000001,United Kingdom,anxiety,Anxiety,good,Good,non-seasonal-adjustment,Non-seasonally adjusted
3.60,,,2019-q1,2019 Q1,K02000001,United Kingdom,worthwhile,Worthwhile,poor,Poor,seasonal-adjustment,Seasonally adjusted
7.90,,,2019-q1,2019 Q1,K02000001,United Kingdom,happiness,Happiness,poor,Poor,seasonal-adjustment,Seasonally adjusted
36.00,,,2019-q1,2019 Q1,K02000001,United Kingdom,worthwhile,Worthwhile,very-good,Very good,seasonal-adjustment,Seasonally adjusted
16.40,15.8,16.9,2019-q1,2019 Q1,K02000001,United Kingdom,anxiety,Anxiety,fair,Fair,non-seasonal-adjustment,Non-seasonally adjusted
4.50,,,2019-q1,2019 Q1,K02000001,United Kingdom,life-satisfaction,Life satisfaction,poor,Poor,seasonal-adjustment,Seasonally adjusted
4.50,4.2,4.7,2019-q1,2019 Q1,K02000001,United Kingdom,life-satisfaction,Life satisfaction,poor,Poor,non-seasonal-adjustment,Non-seasonally adjusted
51.80,51.1,52.6,2019-q1,2019 Q1,K02000001,United Kingdom,life-satisfaction,Life satisfaction,good,Good,non-seasonal-adjustment,Non-seasonally adjusted
16.40,,,2019-q1,2019 Q1,K02000001,United Kingdom,anxiety,Anxiety,fair,Fair,seasonal-adjustment,Seasonally adjusted
23.50,,,2012-q3,2012 Q3,K02000001,United Kingdom,anxiety,Anxiety,good,Good,seasonal-adjustment,Seasonally adjusted
31.10,,,2012-q3,2012 Q3,K02000001,United Kingdom,worthwhile,Worthwhile,very-good,Very good,seasonal-adjustment,Seasonally adjusted
14.70,14.2,15.2,2012-q3,2012 Q3,K02000001,United Kingdom,worthwhile,Worthwhile,fair,Fair,non-seasonal-adjustment,Non-seasonally adjusted
49.70,49.1,50.4,2012-q3,2012 Q3,K02000001,United Kingdom,worthwhile,Worthwhile,good,Good,non-seasonal-adjustment,Non-seasonally adjusted
40.40,,,2012-q3,2012 Q3,K02000001,United Kingdom,happiness,Happiness,good,Good,seasonal-adjustment,Seasonally adjusted
20.60,20.1,21.2,2012-q3,2012 Q3,K02000001,United Kingdom,anxiety,Anxiety,poor,Poor,non-seasonal-adjustment,Non-seasonally adjusted
7.50,7.4,7.5,2012-q3,2012 Q3,K02000001,United Kingdom,life-satisfaction,Life satisfaction,average-mean,Average (mean),non-seasonal-adjustment,Non-seasonally adjusted
51.10,50.5,51.8,2012-q3,2012 Q3,K02000001,United Kingdom,life-satisfaction,Life satisfaction,good,Good,non-seasonal-adjustment,Non-seasonally adjusted
18.00,,,2012-q3,2012 Q3,K02000001,United Kingdom,happiness,Happiness,fair,Fair,seasonal-adjustment,Seasonally adjusted
39.90,39.3,40.6,2012-q3,2012 Q3,K02000001,United Kingdom,happiness,Happiness,good,Good,non-seasonal-adjustment,Non-seasonally adjusted
7.30,7.3,7.4,2012-q3,2012 Q3,K02000001,United Kingdom,happiness,Happiness,average-mean,Average (mean),non-seasonal-adjustment,Non-seasonally adjusted
7.70,7.7,7.7,2012-q3,2012 Q3,K02000001,United Kingdom,worthwhile,Worthwhile,average-mean,Average (mean),non-seasonal-adjustment,Non-seasonally adjusted
4.30,4.0,4.5,2012-q3,2012 Q3,K02000001,United Kingdom,worthwhile,Worthwhile,poor,Poor,non-seasonal-adjustment,Non-seasonally adjusted
7.70,,,2012-q3,2012 Q3,K02000001,United Kingdom,worthwhile,Worthwhile,average-mean,Average (mean),seasonal-adjustment,Seasonally adjusted
4.30,,,2012-q3,2012 Q3,K02000001,United Kingdom,worthwhile,Worthwhile,poor,Poor,seasonal-adjustment,Seasonally adjusted
38.10,37.5,38.8,2012-q3,2012 Q3,K02000001,United Kingdom,anxiety,Anxiety,very-good,Very good,non-seasonal-adjustment,Non-seasonally adjusted
17.80,,,2012-q3,2012 Q3,K02000001,United Kingdom,anxiety,Anxiety,fair,Fair,seasonal-adjustment,Seasonally adjusted
5.60,,,2012-q3,2012 Q3,K02000001,United Kingdom,life-satisfaction,Life satisfaction,poor,Poor,seasonal-adjustment,Seasonally adjusted
51.60,,,2012-q3,2012 Q3,K02000001,United Kingdom,life-satisfaction,Life satisfaction,good,Good,seasonal-adjustment,Seasonally adjusted
17.10,,,2012-q3,2012 Q3,K02000001,United Kingdom,life-satisfaction,Life satisfaction,fair,Fair,seasonal-adjustment,Seasonally adjusted
5.60,5.3,5.9,2012-q3,2012 Q3,K02000001,United Kingdom,life-satisfaction,Life satisfaction,poor,Poor,non-seasonal-adjustment,Non-seasonally adjusted
26.30,25.7,26.8,2012-q3,2012 Q3,K02000001,United Kingdom,life-satisfaction,Life satisfaction,very-good,Very good,non-seasonal-adjustment,Non-seasonally adjusted
31.30,30.7,31.9,2012-q3,2012 Q3,K02000001,United Kingdom,worthwhile,Worthwhile,very-good,Very good,non-seasonal-adjustment,Non-seasonally adjusted
23.50,22.9,24.0,2012-q3,2012 Q3,K02000001,United Kingdom,anxiety,Anxiety,good,Good,non-seasonal-adjustment,Non-seasonally adjusted
17.80,17.3,18.3,2012-q3,2012 Q3,K02000001,United Kingdom,anxiety,Anxiety,fair,Fair,non-seasonal-adjustment,Non-seasonally adjusted
3.00,3.0,3.1,2012-q3,2012 Q3,K02000001,United Kingdom,anxiety,Anxiety,average-mean,Average (mean),non-seasonal-adjustment,Non-seasonally adjusted
14.70,,,2012-q3,2012 Q3,K02000001,United Kingdom,worthwhile,Worthwhile,fair,Fair,seasonal-adjustment,Seasonally adjusted
49.70,,,2012-q3,2012 Q3,K02000001,United Kingdom,worthwhile,Worthwhile,good,Good,seasonal-adjustment,Seasonally adjusted
31.70,,,2012-q3,2012 Q3,K02000001,United Kingdom,happiness,Happiness,very-good,Very good,seasonal-adjustment,Seasonally adjusted
7.30,,,2012-q3,2012 Q3,K02000001,United Kingdom,happiness,Happiness,average-mean,Average (mean),seasonal-adjustment,Seasonally adjusted
17.00,16.5,17.5,2012-q3,2012 Q3,K02000001,United Kingdom,life-satisfaction,Life satisfaction,fair,Fair,non-seasonal-adjustment,Non-seasonally adjusted
37.50,,,2012-q3,2012 Q3,K02000001,United Kingdom,anxiety,Anxiety,very-good,Very good,seasonal-adjustment,Seasonally adjusted
21.10,,,2012-q3,2012 Q3,K02000001,United Kingdom,anxiety,Anxiety,poor,Poor,seasonal-adjustment,Seasonally adjusted
26.00,,,2012-q3,2012 Q3,K02000001,United Kingdom,life-satisfaction,Life satisfaction,very-good,Very good,seasonal-adjustment,Seasonally adjusted
17.60,17.1,18.1,2012-q3,2012 Q3,K02000001,United Kingdom,happiness,Happiness,fair,Fair,non-seasonal-adjustment,Non-seasonally adjusted
10.00,9.6,10.4,2012-q3,2012 Q3,K02000001,United Kingdom,happiness,Happiness,poor,Poor,non-seasonal-adjustment,Non-seasonally adjusted
32.50,31.9,33.1,2012-q3,2012 Q3,K02000001,United Kingdom,happiness,Happiness,very-good,Very good,non-seasonal-adjustment,Non-seasonally adjusted
10.30,,,2012-q3,2012 Q3,K02000001,United Kingdom,happiness,Happiness,poor,Poor,seasonal-adjustment,Seasonally adjusted
7.50,,,2012-q3,2012 Q3,K02000001,United Kingdom,life-satisfaction,Life satisfaction,average-mean,Average (mean),seasonal-adjustment,Seasonally adjusted
3.10,,,2012-q3,2012 Q3,K02000001,United Kingdom,anxiety,Anxiety,average-mean,Average (mean),seasonal-adjustment,Seasonally adjusted
29.80,29.1,30.4,2017-q1,2017 Q1,K02000001,United Kingdom,life-satisfaction,Life satisfaction,very-good,Very good,non-seasonal-adjustment,Non-seasonally adjusted
12.20,11.7,12.7,2017-q1,2017 Q1,K02000001,United Kingdom,worthwhile,Worthwhile,fair,Fair,non-seasonal-adjustment,Non-seasonally adjusted
34.80,34.1,35.5,2017-q1,2017 Q1,K02000001,United Kingdom,worthwhile,Worthwhile,very-good,Very good,non-seasonal-adjustment,Non-seasonally adjusted
49.10,,,2017-q1,2017 Q1,K02000001,United Kingdom,worthwhile,Worthwhile,good,Good,seasonal-adjustment,Seasonally adjusted
8.60,,,2017-q1,2017 Q1,K02000001,United Kingdom,happiness,Happiness,poor,Poor,seasonal-adjustment,Seasonally adjusted
40.00,,,2017-q1,2017 Q1,K02000001,United Kingdom,happiness,Happiness,good,Good,seasonal-adjustment,Seasonally adjusted
7.50,7.4,7.5,2017-q1,2017 Q1,K02000001,United Kingdom,happiness,Happiness,average-mean,Average (mean),non-seasonal-adjustment,Non-seasonally adjusted
40.40,39.7,41.1,2017-q1,2017 Q1,K02000001,United Kingdom,happiness,Happiness,good,Good,non-seasonal-adjustment,Non-seasonally adjusted
7.70,7.6,7.7,2017-q1,2017 Q1,K02000001,United Kingdom,life-satisfaction,Life satisfaction,average-mean,Average (mean),non-seasonal-adjustment,Non-seasonally adjusted
4.70,4.4,5.0,2017-q1,2017 Q1,K02000001,United Kingdom,life-satisfaction,Life satisfaction,poor,Poor,non-seasonal-adjustment,Non-seasonally adjusted
7.90,,,2017-q1,2017 Q1,K02000001,United Kingdom,worthwhile,Worthwhile,average-mean,Average (mean),seasonal-adjustment,Seasonally adjusted
35.20,,,2017-q1,2017 Q1,K02000001,United Kingdom,worthwhile,Worthwhile,very-good,Very good,seasonal-adjustment,Seasonally adjusted
16.90,16.3,17.4,2017-q1,2017 Q1,K02000001,United Kingdom,happiness,Happiness,fair,Fair,non-seasonal-adjustment,Non-seasonally adjusted
17.00,16.5,17.6,2017-q1,2017 Q1,K02000001,United Kingdom,anxiety,Anxiety,fair,Fair,non-seasonal-adjustment,Non-seasonally adjusted
22.90,,,2017-q1,2017 Q1,K02000001,United Kingdom,anxiety,Anxiety,good,Good,seasonal-adjustment,Seasonally adjusted
33.90,33.2,34.6,2017-q1,2017 Q1,K02000001,United Kingdom,happiness,Happiness,very-good,Very good,non-seasonal-adjustment,Non-seasonally adjusted
20.20,,,2017-q1,2017 Q1,K02000001,United Kingdom,anxiety,Anxiety,poor,Poor,seasonal-adjustment,Seasonally adjusted
7.90,7.8,7.9,2017-q1,2017 Q1,K02000001,United Kingdom,worthwhile,Worthwhile,average-mean,Average (mean),non-seasonal-adjustment,Non-seasonally adjusted
49.10,48.4,49.9,2017-q1,2017 Q1,K02000001,United Kingdom,worthwhile,Worthwhile,good,Good,non-seasonal-adjustment,Non-seasonally adjusted
30.20,,,2017-q1,2017 Q1,K02000001,United Kingdom,life-satisfaction,Life satisfaction,very-good,Very good,seasonal-adjustment,Seasonally adjusted
39.50,38.8,40.2,2017-q1,2017 Q1,K02000001,United Kingdom,anxiety,Anxiety,very-good,Very good,non-seasonal-adjustment,Non-seasonally adjusted
16.40,,,2017-q1,2017 Q1,K02000001,United Kingdom,happiness,Happiness,fair,Fair,seasonal-adjustment,Seasonally adjusted
4.70,,,2017-q1,2017 Q1,K02000001,United Kingdom,life-satisfaction,Life satisfaction,poor,Poor,seasonal-adjustment,Seasonally adjusted
7.70,,,2017-q1,2017 Q1,K02000001,United Kingdom,life-satisfaction,Life satisfaction,average-mean,Average (mean),seasonal-adjustment,Seasonally adjusted
3.00,2.9,3.0,2017-q1,2017 Q1,K02000001,United Kingdom,anxiety,Anxiety,average-mean,Average (mean),non-seasonal-adjustment,Non-seasonally adjusted
20.50,19.9,21.1,2017-q1,2017 Q1,K02000001,United Kingdom,anxiety,Anxiety,poor,Poor,non-seasonal-adjustment,Non-seasonally adjusted
39.80,,,2017-q1,2017 Q1,K02000001,United Kingdom,anxiety,Anxiety,very-good,Very good,seasonal-adjustment,Seasonally adjusted
13.90,13.4,14.4,2017-q1,2017 Q1,K02000001,United Kingdom,life-satisfaction,Life satisfaction,fair,Fair,non-seasonal-adjustment,Non-seasonally adjusted
3.80,,,2017-q1,2017 Q1,K02000001,United Kingdom,worthwhile,Worthwhile,poor,Poor,seasonal-adjustment,Seasonally adjusted
12.20,,,2017-q1,2017 Q1,K02000001,United Kingdom,worthwhile,Worthwhile,fair,Fair,seasonal-adjustment,Seasonally adjusted
34.80,,,2017-q1,2017 Q1,K02000001,United Kingdom,happiness,Happiness,very-good,Very good,seasonal-adjustment,Seasonally adjusted
2.90,,,2017-q1,2017 Q1,K02000001,United Kingdom,anxiety,Anxiety,average-mean,Average (mean),seasonal-adjustment,Seasonally adjusted
22.90,22.3,23.5,2017-q1,2017 Q1,K02000001,United Kingdom,anxiety,Anxiety,good,Good,non-seasonal-adjustment,Non-seasonally adjusted
7.50,,,2017-q1,2017 Q1,K02000001,United Kingdom,happiness,Happiness,average-mean,Average (mean),seasonal-adjustment,Seasonally adjusted
51.70,50.9,52.4,2017-q1,2017 Q1,K02000001,United Kingdom,life-satisfaction,Life satisfaction,good,Good,non-seasonal-adjustment,Non-seasonally adjusted
17.00,,,2017-q1,2017 Q1,K02000001,United Kingdom,anxiety,Anxiety,fair,Fair,seasonal-adjustment,Seasonally adjusted
51.80,,,2017-q1,2017 Q1,K02000001,United Kingdom,life-satisfaction,Life satisfaction,good,Good,seasonal-adjustment,Seasonally adjusted
13.80,,,2017-q1,2017 Q1,K02000001,United Kingdom,life-satisfaction,Life satisfaction,fair,Fair,seasonal-adjustment,Seasonally adjusted
8.80,8.4,9.3,2017-q1,2017 Q1,K02000001,United Kingdom,happiness,Happiness,poor,Poor,non-seasonal-adjustment,Non-seasonally adjusted
3.80,3.5,4.1,2017-q1,2017 Q1,K02000001,United Kingdom,worthwhile,Worthwhile,poor,Poor,non-seasonal-adjustment,Non-seasonally adjusted
19.80,,,2016-q3,2016 Q3,K02000001,United Kingdom,anxiety,Anxiety,poor,Poor,seasonal-adjustment,Seasonally adjusted
23.10,22.5,23.7,2016-q3,2016 Q3,K02000001,United Kingdom,anxiety,Anxiety,good,Good,non-seasonal-adjustment,Non-seasonally adjusted
4.70,,,2016-q3,2016 Q3,K02000001,United Kingdom,life-satisfaction,Life satisfaction,poor,Poor,seasonal-adjustment,Seasonally adjusted
7.90,,,2016-q3,2016 Q3,K02000001,United Kingdom,worthwhile,Worthwhile,average-mean,Average (mean),seasonal-adjustment,Seasonally adjusted
41.00,40.3,41.7,2016-q3,2016 Q3,K02000001,United Kingdom,anxiety,Anxiety,very-good,Very good,non-seasonal-adjustment,Non-seasonally adjusted
19.40,18.8,19.9,2016-q3,2016 Q3,K02000001,United Kingdom,anxiety,Anxiety,poor,Poor,non-seasonal-adjustment,Non-seasonally adjusted
12.30,,,2016-q3,2016 Q3,K02000001,United Kingdom,worthwhile,Worthwhile,fair,Fair,seasonal-adjustment,Seasonally adjusted
3.70,3.4,3.9,2016-q3,2016 Q3,K02000001,United Kingdom,worthwhile,Worthwhile,poor,Poor,non-seasonal-adjustment,Non-seasonally adjusted
8.60,,,2016-q3,2016 Q3,K02000001,United Kingdom,happiness,Happiness,poor,Poor,seasonal-adjustment,Seasonally adjusted
40.30,,,2016-q3,2016 Q3,K02000001,United Kingdom,happiness,Happiness,good,Good,seasonal-adjustment,Seasonally adjusted
4.70,4.4,5.0,2016-q3,2016 Q3,K02000001,United Kingdom,life-satisfaction,Life satisfaction,poor,Poor,non-seasonal-adjustment,Non-seasonally adjusted
13.80,13.3,14.3,2016-q3,2016 Q3,K02000001,United Kingdom,life-satisfaction,Life satisfaction,fair,Fair,non-seasonal-adjustment,Non-seasonally adjusted
51.90,51.2,52.6,2016-q3,2016 Q3,K02000001,United Kingdom,life-satisfaction,Life satisfaction,good,Good,non-seasonal-adjustment,Non-seasonally adjusted
29.60,28.9,30.3,2016-q3,2016 Q3,K02000001,United Kingdom,life-satisfaction,Life satisfaction,very-good,Very good,non-seasonal-adjustment,Non-seasonally adjusted
29.40,,,2016-q3,2016 Q3,K02000001,United Kingdom,life-satisfaction,Life satisfaction,very-good,Very good,seasonal-adjustment,Seasonally adjusted
39.90,39.2,40.6,2016-q3,2016 Q3,K02000001,United Kingdom,happiness,Happiness,good,Good,non-seasonal-adjustment,Non-seasonally adjusted
40.40,,,2016-q3,2016 Q3,K02000001,United Kingdom,anxiety,Anxiety,very-good,Very good,seasonal-adjustment,Seasonally adjusted
16.60,,,2016-q3,2016 Q3,K02000001,United Kingdom,anxiety,Anxiety,fair,Fair,seasonal-adjustment,Seasonally adjusted
7.50,,,2016-q3,2016 Q3,K02000001,United Kingdom,happiness,Happiness,average-mean,Average (mean),seasonal-adjustment,Seasonally adjusted
12.30,11.8,12.7,2016-q3,2016 Q3,K02000001,United Kingdom,worthwhile,Worthwhile,fair,Fair,non-seasonal-adjustment,Non-seasonally adjusted
16.60,16.1,17.1,2016-q3,2016 Q3,K02000001,United Kingdom,anxiety,Anxiety,fair,Fair,non-seasonal-adjustment,Non-seasonally adjusted
2.90,,,2016-q3,2016 Q3,K02000001,United Kingdom,anxiety,Anxiety,average-mean,Average (mean),seasonal-adjustment,Seasonally adjusted
7.70,7.6,7.7,2016-q3,2016 Q3,K02000001,United Kingdom,life-satisfaction,Life satisfaction,average-mean,Average (mean),non-seasonal-adjustment,Non-seasonally adjusted
3.70,,,2016-q3,2016 Q3,K02000001,United Kingdom,worthwhile,Worthwhile,poor,Poor,seasonal-adjustment,Seasonally adjusted
16.20,,,2016-q3,2016 Q3,K02000001,United Kingdom,happiness,Happiness,fair,Fair,seasonal-adjustment,Seasonally adjusted
49.20,48.5,50.0,2016-q3,2016 Q3,K02000001,United Kingdom,worthwhile,Worthwhile,good,Good,non-seasonal-adjustment,Non-seasonally adjusted
34.80,34.1,35.5,2016-q3,2016 Q3,K02000001,United Kingdom,worthwhile,Worthwhile,very-good,Very good,non-seasonal-adjustment,Non-seasonally adjusted
23.10,,,2016-q3,2016 Q3,K02000001,United Kingdom,anxiety,Anxiety,good,Good,seasonal-adjustment,Seasonally adjusted
2.90,2.8,2.9,2016-q3,2016 Q3,K02000001,United Kingdom,anxiety,Anxiety,average-mean,Average (mean),non-seasonal-adjustment,Non-seasonally adjusted
35.20,,,2016-q3,2016 Q3,K02000001,United Kingdom,happiness,Happiness,very-good,Very good,seasonal-adjustment,Seasonally adjusted
7.70,,,2016-q3,2016 Q3,K02000001,United Kingdom,life-satisfaction,Life satisfaction,average-mean,Average (mean),seasonal-adjustment,Seasonally adjusted
52.40,,,2016-q3,2016 Q3,K02000001,United Kingdom,life-satisfaction,Life satisfaction,good,Good,seasonal-adjustment,Seasonally adjusted
49.20,,,2016-q3,2016 Q3,K02000001,United Kingdom,worthwhile,Worthwhile,good,Good,seasonal-adjustment,Seasonally adjusted
34.60,,,2016-q3,2016 Q3,K02000001,United Kingdom,worthwhile,Worthwhile,very-good,Very good,seasonal-adjustment,Seasonally adjusted
7.90,7.8,7.9,2016-q3,2016 Q3,K02000001,United Kingdom,worthwhile,Worthwhile,average-mean,Average (mean),non-seasonal-adjustment,Non-seasonally adjusted
7.50,7.5,7.6,2016-q3,2016 Q3,K02000001,United Kingdom,happiness,Happiness,average-mean,Average (mean),non-seasonal-adjustment,Non-seasonally adjusted
15.90,15.4,16.4,2016-q3,2016 Q3,K02000001,United Kingdom,happiness,Happiness,fair,Fair,non-seasonal-adjustment,Non-seasonally adjusted
13.80,,,2016-q3,2016 Q3,K02000001,United Kingdom,life-satisfaction,Life satisfaction,fair,Fair,seasonal-adjustment,Seasonally adjusted
8.30,7.9,8.7,2016-q3,2016 Q3,K02000001,United Kingdom,happiness,Happiness,poor,Poor,non-seasonal-adjustment,Non-seasonally adjusted
35.90,35.2,36.6,2016-q3,2016 Q3,K02000001,United Kingdom,happiness,Happiness,very-good,Very good,non-seasonal-adjustment,Non-seasonally adjusted
15.00,,,2021-q2,2021 Q2,K02000001,United Kingdom,life-satisfaction,Life satisfaction,fair,Fair,seasonal-adjustment,Seasonally adjusted
4.70,,,2021-q2,2021 Q2,K02000001,United Kingdom,life-satisfaction,Life satisfaction,poor,Poor,seasonal-adjustment,Seasonally adjusted
33.80,33.0,34.7,2021-q2,2021 Q2,K02000001,United Kingdom,happiness,Happiness,very-good,Very good,non-seasonal-adjustment,Non-seasonally adjusted
49.60,,,2021-q2,2021 Q2,K02000001,United Kingdom,worthwhile,Worthwhile,good,Good,seasonal-adjustment,Seasonally adjusted
15.00,14.4,15.7,2021-q2,2021 Q2,K02000001,United Kingdom,life-satisfaction,Life satisfaction,fair,Fair,non-seasonal-adjustment,Non-seasonally adjusted
4.00,3.6,4.3,2021-q2,2021 Q2,K02000001,United Kingdom,worthwhile,Worthwhile,poor,Poor,non-seasonal-adjustment,Non-seasonally adjusted
7.80,,,2021-q2,2021 Q2,K02000001,United Kingdom,worthwhile,Worthwhile,average-mean,Average (mean),seasonal-adjustment,Seasonally adjusted
37.10,36.3,38.0,2021-q2,2021 Q2,K02000001,United Kingdom,anxiety,Anxiety,very-good,Very good,non-seasonal-adjustment,Non-seasonally adjusted
4.00,,,2021-q2,2021 Q2,K02000001,United Kingdom,worthwhile,Worthwhile,poor,Poor,seasonal-adjustment,Seasonally adjusted
42.10,41.2,43.0,2021-q2,2021 Q2,K02000001,United Kingdom,happiness,Happiness,good,Good,non-seasonal-adjustment,Non-seasonally adjusted
33.00,32.2,33.8,2021-q2,2021 Q2,K02000001,United Kingdom,worthwhile,Worthwhile,very-good,Very good,non-seasonal-adjustment,Non-seasonally adjusted
17.30,16.6,18.0,2021-q2,2021 Q2,K02000001,United Kingdom,anxiety,Anxiety,fair,Fair,non-seasonal-adjustment,Non-seasonally adjusted
21.50,,,2021-q2,2021 Q2,K02000001,United Kingdom,anxiety,Anxiety,poor,Poor,seasonal-adjustment,Seasonally adjusted
16.00,15.3,16.7,2021-q2,2021 Q2,K02000001,United Kingdom,happiness,Happiness,fair,Fair,non-seasonal-adjustment,Non-seasonally adjusted
7.50,,,2021-q2,2021 Q2,K02000001,United Kingdom,happiness,Happiness,average-mean,Average (mean),seasonal-adjustment,Seasonally adjusted
42.70,,,2021-q2,2021 Q2,K02000001,United Kingdom,happiness,Happiness,good,Good,seasonal-adjustment,Seasonally adjusted
26.00,25.2,26.8,2021-q2,2021 Q2,K02000001,United Kingdom,life-satisfaction,Life satisfaction,very-good,Very good,non-seasonal-adjustment,Non-seasonally adjusted
13.50,12.8,14.1,2021-q2,2021 Q2,K02000001,United Kingdom,worthwhile,Worthwhile,fair,Fair,non-seasonal-adjustment,Non-seasonally adjusted
49.60,48.7,50.5,2021-q2,2021 Q2,K02000001,United Kingdom,worthwhile,Worthwhile,good,Good,non-seasonal-adjustment,Non-seasonally adjusted
7.50,,,2021-q2,2021 Q2,K02000001,United Kingdom,life-satisfaction,Life satisfaction,average-mean,Average (mean),seasonal-adjustment,Seasonally adjusted
8.10,7.6,8.6,2021-q2,2021 Q2,K02000001,United Kingdom,happiness,Happiness,poor,Poor,non-seasonal-adjustment,Non-seasonally adjusted
7.60,7.5,7.6,2021-q2,2021 Q2,K02000001,United Kingdom,life-satisfaction,Life satisfaction,average-mean,Average (mean),non-seasonal-adjustment,Non-seasonally adjusted
7.50,7.5,7.6,2021-q2,2021 Q2,K02000001,United Kingdom,happiness,Happiness,average-mean,Average (mean),non-seasonal-adjustment,Non-seasonally adjusted
21.20,20.4,22.0,2021-q2,2021 Q2,K02000001,United Kingdom,anxiety,Anxiety,poor,Poor,non-seasonal-adjustment,Non-seasonally adjusted
17.30,,,2021-q2,2021 Q2,K02000001,United Kingdom,anxiety,Anxiety,fair,Fair,seasonal-adjustment,Seasonally adjusted
32.40,,,2021-q2,2021 Q2,K02000001,United Kingdom,happiness,Happiness,very-good,Very good,seasonal-adjustment,Seasonally adjusted
7.80,7.8,7.8,2021-q2,2021 Q2,K02000001,United Kingdom,worthwhile,Worthwhile,average-mean,Average (mean),non-seasonal-adjustment,Non-seasonally adjusted
24.30,,,2021-q2,2021 Q2,K02000001,United Kingdom,anxiety,Anxiety,good,Good,seasonal-adjustment,Seasonally adjusted
13.50,,,2021-q2,2021 Q2,K02000001,United Kingdom,worthwhile,Worthwhile,fair,Fair,seasonal-adjustment,Seasonally adjusted
24.30,23.5,25.1,2021-q2,2021 Q2,K02000001,United Kingdom,anxiety,Anxiety,good,Good,non-seasonal-adjustment,Non-seasonally adjusted
8.30,,,2021-q2,2021 Q2,K02000001,United Kingdom,happiness,Happiness,poor,Poor,seasonal-adjustment,Seasonally adjusted
25.30,,,2021-q2,2021 Q2,K02000001,United Kingdom,life-satisfaction,Life satisfaction,very-good,Very good,seasonal-adjustment,Seasonally adjusted
16.60,,,2021-q2,2021 Q2,K02000001,United Kingdom,happiness,Happiness,fair,Fair,seasonal-adjustment,Seasonally adjusted
32.40,,,2021-q2,2021 Q2,K02000001,United Kingdom,worthwhile,Worthwhile,very-good,Very good,seasonal-adjustment,Seasonally adjusted
54.70,,,2021-q2,2021 Q2,K02000001,United Kingdom,life-satisfaction,Life satisfaction,good,Good,seasonal-adjustment,Seasonally adjusted
4.70,4.4,5.1,2021-q2,2021 Q2,K02000001,United Kingdom,life-satisfaction,Life satisfaction,poor,Poor,non-seasonal-adjustment,Non-seasonally adjusted
3.00,3.0,3.1,2021-q2,2021 Q2,K02000001,United Kingdom,anxiety,Anxiety,average-mean,Average (mean),non-seasonal-adjustment,Non-seasonally adjusted
54.30,53.3,55.2,2021-q2,2021 Q2,K02000001,United Kingdom,life-satisfaction,Life satisfaction,good,Good,non-seasonal-adjustment,Non-seasonally adjusted
3.10,,,2021-q2,2021 Q2,K02000001,United Kingdom,anxiety,Anxiety,average-mean,Average (mean),seasonal-adjustment,Seasonally adjusted
36.50,,,2021-q2,2021 Q2,K02000001,United Kingdom,anxiety,Anxiety,very-good,Very good,seasonal-adjustment,Seasonally adjusted
7.60,,,2021-q4,2021 Q4,K02000001,United Kingdom,life-satisfaction,Life satisfaction,average-mean,Average (mean),seasonal-adjustment,Seasonally adjusted
4.50,,,2021-q4,2021 Q4,K02000001,United Kingdom,life-satisfaction,Life satisfaction,poor,Poor,seasonal-adjustment,Seasonally adjusted
25.80,,,2021-q4,2021 Q4,K02000001,United Kingdom,life-satisfaction,Life satisfaction,very-good,Very good,seasonal-adjustment,Seasonally adjusted
55.30,54.3,56.3,2021-q4,2021 Q4,K02000001,United Kingdom,life-satisfaction,Life satisfaction,good,Good,non-seasonal-adjustment,Non-seasonally adjusted
25.20,24.4,26.1,2021-q4,2021 Q4,K02000001,United Kingdom,life-satisfaction,Life satisfaction,very-good,Very good,non-seasonal-adjustment,Non-seasonally adjusted
3.20,,,2021-q4,2021 Q4,K02000001,United Kingdom,anxiety,Anxiety,average-mean,Average (mean),seasonal-adjustment,Seasonally adjusted
8.30,,,2021-q4,2021 Q4,K02000001,United Kingdom,happiness,Happiness,poor,Poor,seasonal-adjustment,Seasonally adjusted
18.50,,,2021-q4,2021 Q4,K02000001,United Kingdom,anxiety,Anxiety,fair,Fair,seasonal-adjustment,Seasonally adjusted
3.50,,,2021-q4,2021 Q4,K02000001,United Kingdom,worthwhile,Worthwhile,poor,Poor,seasonal-adjustment,Seasonally adjusted
7.40,7.4,7.4,2021-q4,2021 Q4,K02000001,United Kingdom,happiness,Happiness,average-mean,Average (mean),non-seasonal-adjustment,Non-seasonally adjusted
17.10,16.3,17.9,2021-q4,2021 Q4,K02000001,United Kingdom,happiness,Happiness,fair,Fair,non-seasonal-adjustment,Non-seasonally adjusted
7.80,,,2021-q4,2021 Q4,K02000001,United Kingdom,worthwhile,Worthwhile,average-mean,Average (mean),seasonal-adjustment,Seasonally adjusted
34.60,,,2021-q4,2021 Q4,K02000001,United Kingdom,anxiety,Anxiety,very-good,Very good,seasonal-adjustment,Seasonally adjusted
15.20,,,2021-q4,2021 Q4,K02000001,United Kingdom,life-satisfaction,Life satisfaction,fair,Fair,seasonal-adjustment,Seasonally adjusted
54.60,,,2021-q4,2021 Q4,K02000001,United Kingdom,life-satisfaction,Life satisfaction,good,Good,seasonal-adjustment,Seasonally adjusted
12.90,,,2021-q4,2021 Q4,K02000001,United Kingdom,worthwhile,Worthwhile,fair,Fair,seasonal-adjustment,Seasonally adjusted
43.10,,,2021-q4,2021 Q4,K02000001,United Kingdom,happiness,Happiness,good,Good,seasonal-adjustment,Seasonally adjusted
32.20,31.3,33.1,2021-q4,2021 Q4,K02000001,United Kingdom,worthwhile,Worthwhile,very-good,Very good,non-seasonal-adjustment,Non-seasonally adjusted
8.70,8.2,9.3,2021-q4,2021 Q4,K02000001,United Kingdom,happiness,Happiness,poor,Poor,non-seasonal-adjustment,Non-seasonally adjusted
22.40,,,2021-q4,2021 Q4,K02000001,United Kingdom,anxiety,Anxiety,poor,Poor,seasonal-adjustment,Seasonally adjusted
24.80,23.9,25.7,2021-q4,2021 Q4,K02000001,United Kingdom,anxiety,Anxiety,good,Good,non-seasonal-adjustment,Non-seasonally adjusted
18.50,17.7,19.3,2021-q4,2021 Q4,K02000001,United Kingdom,anxiety,Anxiety,fair,Fair,non-seasonal-adjustment,Non-seasonally adjusted
24.80,,,2021-q4,2021 Q4,K02000001,United Kingdom,anxiety,Anxiety,good,Good,seasonal-adjustment,Seasonally adjusted
31.70,,,2021-q4,2021 Q4,K02000001,United Kingdom,happiness,Happiness,very-good,Very good,seasonal-adjustment,Seasonally adjusted
7.80,7.8,7.8,2021-q4,2021 Q4,K02000001,United Kingdom,worthwhile,Worthwhile,average-mean,Average (mean),non-seasonal-adjustment,Non-seasonally adjusted
3.50,3.1,3.8,2021-q4,2021 Q4,K02000001,United Kingdom,worthwhile,Worthwhile,poor,Poor,non-seasonal-adjustment,Non-seasonally adjusted
12.90,12.2,13.7,2021-q4,2021 Q4,K02000001,United Kingdom,worthwhile,Worthwhile,fair,Fair,non-seasonal-adjustment,Non-seasonally adjusted
16.70,,,2021-q4,2021 Q4,K02000001,United Kingdom,happiness,Happiness,fair,Fair,seasonal-adjustment,Seasonally adjusted
30.60,29.7,31.5,2021-q4,2021 Q4,K02000001,United Kingdom,happiness,Happiness,very-good,Very good,non-seasonal-adjustment,Non-seasonally adjusted
51.40,,,2021-q4,2021 Q4,K02000001,United Kingdom,worthwhile,Worthwhile,good,Good,seasonal-adjustment,Seasonally adjusted
32.60,,,2021-q4,2021 Q4,K02000001,United Kingdom,worthwhile,Worthwhile,very-good,Very good,seasonal-adjustment,Seasonally adjusted
51.40,50.4,52.5,2021-q4,2021 Q4,K02000001,United Kingdom,worthwhile,Worthwhile,good,Good,non-seasonal-adjustment,Non-seasonally adjusted
7.60,7.5,7.6,2021-q4,2021 Q4,K02000001,United Kingdom,life-satisfaction,Life satisfaction,average-mean,Average (mean),non-seasonal-adjustment,Non-seasonally adjusted
4.50,4.1,5.0,2021-q4,2021 Q4,K02000001,United Kingdom,life-satisfaction,Life satisfaction,poor,Poor,non-seasonal-adjustment,Non-seasonally adjusted
14.90,14.2,15.7,2021-q4,2021 Q4,K02000001,United Kingdom,life-satisfaction,Life satisfaction,fair,Fair,non-seasonal-adjustment,Non-seasonally adjusted
43.60,42.6,44.6,2021-q4,2021 Q4,K02000001,United Kingdom,happiness,Happiness,good,Good,non-seasonal-adjustment,Non-seasonally adjusted
3.20,3.1,3.2,2021-q4,2021 Q4,K02000001,United Kingdom,anxiety,Anxiety,average-mean,Average (mean),non-seasonal-adjustment,Non-seasonally adjusted
34.10,33.1,35.0,2021-q4,2021 Q4,K02000001,United Kingdom,anxiety,Anxiety,very-good,Very good,non-seasonal-adjustment,Non-seasonally adjusted
22.70,21.8,23.6,2021-q4,2021 Q4,K02000001,United Kingdom,anxiety,Anxiety,poor,Poor,non-seasonal-adjustment,Non-seasonally adjusted
7.40,,,2021-q4,2021 Q4,K02000001,United Kingdom,happiness,Happiness,average-mean,Average (mean),seasonal-adjustment,Seasonally adjusted
4.90,4.6,5.2,2011-q3,2011 Q3,K02000001,United Kingdom,worthwhile,Worthwhile,poor,Poor,non-seasonal-adjustment,Non-seasonally adjusted
48.70,,,2011-q3,2011 Q3,K02000001,United Kingdom,worthwhile,Worthwhile,good,Good,seasonal-adjustment,Seasonally adjusted
7.70,7.6,7.7,2011-q3,2011 Q3,K02000001,United Kingdom,worthwhile,Worthwhile,average-mean,Average (mean),non-seasonal-adjustment,Non-seasonally adjusted
50.30,,,2011-q3,2011 Q3,K02000001,United Kingdom,life-satisfaction,Life satisfaction,good,Good,seasonal-adjustment,Seasonally adjusted
17.40,16.9,17.9,2011-q3,2011 Q3,K02000001,United Kingdom,life-satisfaction,Life satisfaction,fair,Fair,non-seasonal-adjustment,Non-seasonally adjusted
36.60,35.9,37.2,2011-q3,2011 Q3,K02000001,United Kingdom,anxiety,Anxiety,very-good,Very good,non-seasonal-adjustment,Non-seasonally adjusted
21.60,21.1,22.2,2011-q3,2011 Q3,K02000001,United Kingdom,anxiety,Anxiety,poor,Poor,non-seasonal-adjustment,Non-seasonally adjusted
7.30,7.3,7.3,2011-q3,2011 Q3,K02000001,United Kingdom,happiness,Happiness,average-mean,Average (mean),non-seasonal-adjustment,Non-seasonally adjusted
23.60,23.1,24.2,2011-q3,2011 Q3,K02000001,United Kingdom,anxiety,Anxiety,good,Good,non-seasonal-adjustment,Non-seasonally adjusted
3.20,,,2011-q3,2011 Q3,K02000001,United Kingdom,anxiety,Anxiety,average-mean,Average (mean),seasonal-adjustment,Seasonally adjusted
48.70,48.0,49.3,2011-q3,2011 Q3,K02000001,United Kingdom,worthwhile,Worthwhile,good,Good,non-seasonal-adjustment,Non-seasonally adjusted
3.10,3.1,3.2,2011-q3,2011 Q3,K02000001,United Kingdom,anxiety,Anxiety,average-mean,Average (mean),non-seasonal-adjustment,Non-seasonally adjusted
39.50,38.9,40.2,2011-q3,2011 Q3,K02000001,United Kingdom,happiness,Happiness,good,Good,non-seasonal-adjustment,Non-seasonally adjusted
6.70,6.4,7.0,2011-q3,2011 Q3,K02000001,United Kingdom,life-satisfaction,Life satisfaction,poor,Poor,non-seasonal-adjustment,Non-seasonally adjusted
4.90,,,2011-q3,2011 Q3,K02000001,United Kingdom,worthwhile,Worthwhile,poor,Poor,seasonal-adjustment,Seasonally adjusted
6.70,,,2011-q3,2011 Q3,K02000001,United Kingdom,life-satisfaction,Life satisfaction,poor,Poor,seasonal-adjustment,Seasonally adjusted
18.20,17.7,18.6,2011-q3,2011 Q3,K02000001,United Kingdom,anxiety,Anxiety,fair,Fair,non-seasonal-adjustment,Non-seasonally adjusted
22.10,,,2011-q3,2011 Q3,K02000001,United Kingdom,anxiety,Anxiety,poor,Poor,seasonal-adjustment,Seasonally adjusted
25.80,,,2011-q3,2011 Q3,K02000001,United Kingdom,life-satisfaction,Life satisfaction,very-good,Very good,seasonal-adjustment,Seasonally adjusted
18.30,,,2011-q3,2011 Q3,K02000001,United Kingdom,happiness,Happiness,fair,Fair,seasonal-adjustment,Seasonally adjusted
40.00,,,2011-q3,2011 Q3,K02000001,United Kingdom,happiness,Happiness,good,Good,seasonal-adjustment,Seasonally adjusted
18.20,,,2011-q3,2011 Q3,K02000001,United Kingdom,anxiety,Anxiety,fair,Fair,seasonal-adjustment,Seasonally adjusted
15.10,14.6,15.7,2011-q3,2011 Q3,K02000001,United Kingdom,worthwhile,Worthwhile,fair,Fair,non-seasonal-adjustment,Non-seasonally adjusted
49.80,49.2,50.5,2011-q3,2011 Q3,K02000001,United Kingdom,life-satisfaction,Life satisfaction,good,Good,non-seasonal-adjustment,Non-seasonally adjusted
7.20,,,2011-q3,2011 Q3,K02000001,United Kingdom,happiness,Happiness,average-mean,Average (mean),seasonal-adjustment,Seasonally adjusted
30.90,,,2011-q3,2011 Q3,K02000001,United Kingdom,happiness,Happiness,very-good,Very good,seasonal-adjustment,Seasonally adjusted
11.20,,,2011-q3,2011 Q3,K02000001,United Kingdom,happiness,Happiness,poor,Poor,seasonal-adjustment,Seasonally adjusted
7.40,,,2011-q3,2011 Q3,K02000001,United Kingdom,life-satisfaction,Life satisfaction,average-mean,Average (mean),seasonal-adjustment,Seasonally adjusted
17.60,,,2011-q3,2011 Q3,K02000001,United Kingdom,life-satisfaction,Life satisfaction,fair,Fair,seasonal-adjustment,Seasonally adjusted
7.70,,,2011-q3,2011 Q3,K02000001,United Kingdom,worthwhile,Worthwhile,average-mean,Average (mean),seasonal-adjustment,Seasonally adjusted
15.10,,,2011-q3,2011 Q3,K02000001,United Kingdom,worthwhile,Worthwhile,fair,Fair,seasonal-adjustment,Seasonally adjusted
31.70,31.1,32.3,2011-q3,2011 Q3,K02000001,United Kingdom,happiness,Happiness,very-good,Very good,non-seasonal-adjustment,Non-seasonally adjusted
7.40,7.4,7.4,2011-q3,2011 Q3,K02000001,United Kingdom,life-satisfaction,Life satisfaction,average-mean,Average (mean),non-seasonal-adjustment,Non-seasonally adjusted
31.10,,,2011-q3,2011 Q3,K02000001,United Kingdom,worthwhile,Worthwhile,very-good,Very good,seasonal-adjustment,Seasonally adjusted
36.00,,,2011-q3,2011 Q3,K02000001,United Kingdom,anxiety,Anxiety,very-good,Very good,seasonal-adjustment,Seasonally adjusted
10.80,10.4,11.2,2011-q3,2011 Q3,K02000001,United Kingdom,happiness,Happiness,poor,Poor,non-seasonal-adjustment,Non-seasonally adjusted
17.90,17.4,18.4,2011-q3,2011 Q3,K02000001,United Kingdom,happiness,Happiness,fair,Fair,non-seasonal-adjustment,Non-seasonally adjusted
26.00,25.4,26.6,2011-q3,2011 Q3,K02000001,United Kingdom,life-satisfaction,Life satisfaction,very-good,Very good,non-seasonal-adjustment,Non-seasonally adjusted
31.30,30.7,31.9,2011-q3,2011 Q3,K02000001,United Kingdom,worthwhile,Worthwhile,very-good,Very good,non-seasonal-adjustment,Non-seasonally adjusted
23.60,,,2011-q3,2011 Q3,K02000001,United Kingdom,anxiety,Anxiety,good,Good,seasonal-adjustment,Seasonally adjusted
14.00,13.5,14.5,2013-q2,2013 Q2,K02000001,United Kingdom,worthwhile,Worthwhile,fair,Fair,non-seasonal-adjustment,Non-seasonally adjusted
49.40,48.7,50.0,2013-q2,2013 Q2,K02000001,United Kingdom,worthwhile,Worthwhile,good,Good,non-seasonal-adjustment,Non-seasonally adjusted
17.30,,,2013-q2,2013 Q2,K02000001,United Kingdom,anxiety,Anxiety,fair,Fair,seasonal-adjustment,Seasonally adjusted
17.30,16.8,17.8,2013-q2,2013 Q2,K02000001,United Kingdom,anxiety,Anxiety,fair,Fair,non-seasonal-adjustment,Non-seasonally adjusted
16.10,15.6,16.6,2013-q2,2013 Q2,K02000001,United Kingdom,life-satisfaction,Life satisfaction,fair,Fair,non-seasonal-adjustment,Non-seasonally adjusted
16.30,,,2013-q2,2013 Q2,K02000001,United Kingdom,life-satisfaction,Life satisfaction,fair,Fair,seasonal-adjustment,Seasonally adjusted
49.40,,,2013-q2,2013 Q2,K02000001,United Kingdom,worthwhile,Worthwhile,good,Good,seasonal-adjustment,Seasonally adjusted
7.70,,,2013-q2,2013 Q2,K02000001,United Kingdom,worthwhile,Worthwhile,average-mean,Average (mean),seasonal-adjustment,Seasonally adjusted
31.90,,,2013-q2,2013 Q2,K02000001,United Kingdom,worthwhile,Worthwhile,very-good,Very good,seasonal-adjustment,Seasonally adjusted
23.70,23.1,24.3,2013-q2,2013 Q2,K02000001,United Kingdom,anxiety,Anxiety,good,Good,non-seasonal-adjustment,Non-seasonally adjusted
9.90,,,2013-q2,2013 Q2,K02000001,United Kingdom,happiness,Happiness,poor,Poor,seasonal-adjustment,Seasonally adjusted
32.30,31.7,32.9,2013-q2,2013 Q2,K02000001,United Kingdom,happiness,Happiness,very-good,Very good,non-seasonal-adjustment,Non-seasonally adjusted
17.30,,,2013-q2,2013 Q2,K02000001,United Kingdom,happiness,Happiness,fair,Fair,seasonal-adjustment,Seasonally adjusted
19.90,19.4,20.5,2013-q2,2013 Q2,K02000001,United Kingdom,anxiety,Anxiety,poor,Poor,non-seasonal-adjustment,Non-seasonally adjusted
16.70,16.2,17.2,2013-q2,2013 Q2,K02000001,United Kingdom,happiness,Happiness,fair,Fair,non-seasonal-adjustment,Non-seasonally adjusted
7.40,7.4,7.4,2013-q2,2013 Q2,K02000001,United Kingdom,happiness,Happiness,average-mean,Average (mean),non-seasonal-adjustment,Non-seasonally adjusted
2.90,2.9,3.0,2013-q2,2013 Q2,K02000001,United Kingdom,anxiety,Anxiety,average-mean,Average (mean),non-seasonal-adjustment,Non-seasonally adjusted
9.70,9.3,10.1,2013-q2,2013 Q2,K02000001,United Kingdom,happiness,Happiness,poor,Poor,non-seasonal-adjustment,Non-seasonally adjusted
14.00,,,2013-q2,2013 Q2,K02000001,United Kingdom,worthwhile,Worthwhile,fair,Fair,seasonal-adjustment,Seasonally adjusted
7.50,7.5,7.5,2013-q2,2013 Q2,K02000001,United Kingdom,life-satisfaction,Life satisfaction,average-mean,Average (mean),non-seasonal-adjustment,Non-seasonally adjusted
7.50,,,2013-q2,2013 Q2,K02000001,United Kingdom,life-satisfaction,Life satisfaction,average-mean,Average (mean),seasonal-adjustment,Seasonally adjusted
25.80,,,2013-q2,2013 Q2,K02000001,United Kingdom,life-satisfaction,Life satisfaction,very-good,Very good,seasonal-adjustment,Seasonally adjusted
5.70,,,2013-q2,2013 Q2,K02000001,United Kingdom,life-satisfaction,Life satisfaction,poor,Poor,seasonal-adjustment,Seasonally adjusted
32.30,31.7,33.0,2013-q2,2013 Q2,K02000001,United Kingdom,worthwhile,Worthwhile,very-good,Very good,non-seasonal-adjustment,Non-seasonally adjusted
7.70,7.7,7.8,2013-q2,2013 Q2,K02000001,United Kingdom,worthwhile,Worthwhile,average-mean,Average (mean),non-seasonal-adjustment,Non-seasonally adjusted
39.10,38.4,39.7,2013-q2,2013 Q2,K02000001,United Kingdom,anxiety,Anxiety,very-good,Very good,non-seasonal-adjustment,Non-seasonally adjusted
30.90,,,2013-q2,2013 Q2,K02000001,United Kingdom,happiness,Happiness,very-good,Very good,seasonal-adjustment,Seasonally adjusted
3.00,,,2013-q2,2013 Q2,K02000001,United Kingdom,anxiety,Anxiety,average-mean,Average (mean),seasonal-adjustment,Seasonally adjusted
38.90,,,2013-q2,2013 Q2,K02000001,United Kingdom,anxiety,Anxiety,very-good,Very good,seasonal-adjustment,Seasonally adjusted
23.70,,,2013-q2,2013 Q2,K02000001,United Kingdom,anxiety,Anxiety,good,Good,seasonal-adjustment,Seasonally adjusted
4.30,4.1,4.6,2013-q2,2013 Q2,K02000001,United Kingdom,worthwhile,Worthwhile,poor,Poor,non-seasonal-adjustment,Non-seasonally adjusted
51.90,51.2,52.6,2013-q2,2013 Q2,K02000001,United Kingdom,life-satisfaction,Life satisfaction,good,Good,non-seasonal-adjustment,Non-seasonally adjusted
20.00,,,2013-q2,2013 Q2,K02000001,United Kingdom,anxiety,Anxiety,poor,Poor,seasonal-adjustment,Seasonally adjusted
4.30,,,2013-q2,2013 Q2,K02000001,United Kingdom,worthwhile,Worthwhile,poor,Poor,seasonal-adjustment,Seasonally adjusted
5.70,5.4,6.0,2013-q2,2013 Q2,K02000001,United Kingdom,life-satisfaction,Life satisfaction,poor,Poor,non-seasonal-adjustment,Non-seasonally adjusted
26.20,25.6,26.9,2013-q2,2013 Q2,K02000001,United Kingdom,life-satisfaction,Life satisfaction,very-good,Very good,non-seasonal-adjustment,Non-seasonally adjusted
41.30,40.6,42.0,2013-q2,2013 Q2,K02000001,United Kingdom,happiness,Happiness,good,Good,non-seasonal-adjustment,Non-seasonally adjusted
52.10,,,2013-q2,2013 Q2,K02000001,United Kingdom,life-satisfaction,Life satisfaction,good,Good,seasonal-adjustment,Seasonally adjusted
7.30,,,2013-q2,2013 Q2,K02000001,United Kingdom,happiness,Happiness,average-mean,Average (mean),seasonal-adjustment,Seasonally adjusted
41.60,,,2013-q2,2013 Q2,K02000001,United Kingdom,happiness,Happiness,good,Good,seasonal-adjustment,Seasonally adjusted
7.60,7.6,7.7,2015-q4,2015 Q4,K02000001,United Kingdom,life-satisfaction,Life satisfaction,average-mean,Average (mean),non-seasonal-adjustment,Non-seasonally adjusted
49.60,48.9,50.3,2015-q4,2015 Q4,K02000001,United Kingdom,worthwhile,Worthwhile,good,Good,non-seasonal-adjustment,Non-seasonally adjusted
49.60,,,2015-q4,2015 Q4,K02000001,United Kingdom,worthwhile,Worthwhile,good,Good,seasonal-adjustment,Seasonally adjusted
3.60,3.3,3.8,2015-q4,2015 Q4,K02000001,United Kingdom,worthwhile,Worthwhile,poor,Poor,non-seasonal-adjustment,Non-seasonally adjusted
33.70,33.1,34.4,2015-q4,2015 Q4,K02000001,United Kingdom,worthwhile,Worthwhile,very-good,Very good,non-seasonal-adjustment,Non-seasonally adjusted
8.80,,,2015-q4,2015 Q4,K02000001,United Kingdom,happiness,Happiness,poor,Poor,seasonal-adjustment,Seasonally adjusted
13.10,,,2015-q4,2015 Q4,K02000001,United Kingdom,worthwhile,Worthwhile,fair,Fair,seasonal-adjustment,Seasonally adjusted
2.90,,,2015-q4,2015 Q4,K02000001,United Kingdom,anxiety,Anxiety,average-mean,Average (mean),seasonal-adjustment,Seasonally adjusted
28.30,27.6,28.9,2015-q4,2015 Q4,K02000001,United Kingdom,life-satisfaction,Life satisfaction,very-good,Very good,non-seasonal-adjustment,Non-seasonally adjusted
3.60,,,2015-q4,2015 Q4,K02000001,United Kingdom,worthwhile,Worthwhile,poor,Poor,seasonal-adjustment,Seasonally adjusted
17.10,16.5,17.6,2015-q4,2015 Q4,K02000001,United Kingdom,anxiety,Anxiety,fair,Fair,non-seasonal-adjustment,Non-seasonally adjusted
40.80,40.1,41.5,2015-q4,2015 Q4,K02000001,United Kingdom,happiness,Happiness,good,Good,non-seasonal-adjustment,Non-seasonally adjusted
34.00,,,2015-q4,2015 Q4,K02000001,United Kingdom,happiness,Happiness,very-good,Very good,seasonal-adjustment,Seasonally adjusted
23.30,,,2015-q4,2015 Q4,K02000001,United Kingdom,anxiety,Anxiety,good,Good,seasonal-adjustment,Seasonally adjusted
34.10,,,2015-q4,2015 Q4,K02000001,United Kingdom,worthwhile,Worthwhile,very-good,Very good,seasonal-adjustment,Seasonally adjusted
20.10,,,2015-q4,2015 Q4,K02000001,United Kingdom,anxiety,Anxiety,poor,Poor,seasonal-adjustment,Seasonally adjusted
16.70,,,2015-q4,2015 Q4,K02000001,United Kingdom,happiness,Happiness,fair,Fair,seasonal-adjustment,Seasonally adjusted
17.10,16.6,17.7,2015-q4,2015 Q4,K02000001,United Kingdom,happiness,Happiness,fair,Fair,non-seasonal-adjustment,Non-seasonally adjusted
20.40,19.8,20.9,2015-q4,2015 Q4,K02000001,United Kingdom,anxiety,Anxiety,poor,Poor,non-seasonal-adjustment,Non-seasonally adjusted
13.10,12.7,13.6,2015-q4,2015 Q4,K02000001,United Kingdom,worthwhile,Worthwhile,fair,Fair,non-seasonal-adjustment,Non-seasonally adjusted
9.10,8.8,9.5,2015-q4,2015 Q4,K02000001,United Kingdom,happiness,Happiness,poor,Poor,non-seasonal-adjustment,Non-seasonally adjusted
40.00,,,2015-q4,2015 Q4,K02000001,United Kingdom,anxiety,Anxiety,very-good,Very good,seasonal-adjustment,Seasonally adjusted
40.60,,,2015-q4,2015 Q4,K02000001,United Kingdom,happiness,Happiness,good,Good,seasonal-adjustment,Seasonally adjusted
14.30,,,2015-q4,2015 Q4,K02000001,United Kingdom,life-satisfaction,Life satisfaction,fair,Fair,seasonal-adjustment,Seasonally adjusted
4.60,,,2015-q4,2015 Q4,K02000001,United Kingdom,life-satisfaction,Life satisfaction,poor,Poor,seasonal-adjustment,Seasonally adjusted
28.70,,,2015-q4,2015 Q4,K02000001,United Kingdom,life-satisfaction,Life satisfaction,very-good,Very good,seasonal-adjustment,Seasonally adjusted
7.60,,,2015-q4,2015 Q4,K02000001,United Kingdom,life-satisfaction,Life satisfaction,average-mean,Average (mean),seasonal-adjustment,Seasonally adjusted
32.90,32.2,33.6,2015-q4,2015 Q4,K02000001,United Kingdom,happiness,Happiness,very-good,Very good,non-seasonal-adjustment,Non-seasonally adjusted
3.00,2.9,3.0,2015-q4,2015 Q4,K02000001,United Kingdom,anxiety,Anxiety,average-mean,Average (mean),non-seasonal-adjustment,Non-seasonally adjusted
7.80,,,2015-q4,2015 Q4,K02000001,United Kingdom,worthwhile,Worthwhile,average-mean,Average (mean),seasonal-adjustment,Seasonally adjusted
7.80,7.8,7.8,2015-q4,2015 Q4,K02000001,United Kingdom,worthwhile,Worthwhile,average-mean,Average (mean),non-seasonal-adjustment,Non-seasonally adjusted
52.70,52.0,53.4,2015-q4,2015 Q4,K02000001,United Kingdom,life-satisfaction,Life satisfaction,good,Good,non-seasonal-adjustment,Non-seasonally adjusted
17.10,,,2015-q4,2015 Q4,K02000001,United Kingdom,anxiety,Anxiety,fair,Fair,seasonal-adjustment,Seasonally adjusted
7.40,7.4,7.4,2015-q4,2015 Q4,K02000001,United Kingdom,happiness,Happiness,average-mean,Average (mean),non-seasonal-adjustment,Non-seasonally adjusted
39.30,38.6,40.0,2015-q4,2015 Q4,K02000001,United Kingdom,anxiety,Anxiety,very-good,Very good,non-seasonal-adjustment,Non-seasonally adjusted
4.60,4.3,4.9,2015-q4,2015 Q4,K02000001,United Kingdom,life-satisfaction,Life satisfaction,poor,Poor,non-seasonal-adjustment,Non-seasonally adjusted
23.30,22.7,23.8,2015-q4,2015 Q4,K02000001,United Kingdom,anxiety,Anxiety,good,Good,non-seasonal-adjustment,Non-seasonally adjusted
14.40,13.9,14.9,2015-q4,2015 Q4,K02000001,United Kingdom,life-satisfaction,Life satisfaction,fair,Fair,non-seasonal-adjustment,Non-seasonally adjusted
52.60,,,2015-q4,2015 Q4,K02000001,United Kingdom,life-satisfaction,Life satisfaction,good,Good,seasonal-adjustment,Seasonally adjusted
7.50,,,2015-q4,2015 Q4,K02000001,United Kingdom,happiness,Happiness,average-mean,Average (mean),seasonal-adjustment,Seasonally adjusted
8.70,,,2018-q1,2018 Q1,K02000001,United Kingdom,happiness,Happiness,poor,Poor,seasonal-adjustment,Seasonally adjusted
41.20,,,2018-q1,2018 Q1,K02000001,United Kingdom,anxiety,Anxiety,very-good,Very good,seasonal-adjustment,Seasonally adjusted
23.20,,,2018-q1,2018 Q1,K02000001,United Kingdom,anxiety,Anxiety,good,Good,seasonal-adjustment,Seasonally adjusted
29.80,,,2018-q1,2018 Q1,K02000001,United Kingdom,life-satisfaction,Life satisfaction,very-good,Very good,seasonal-adjustment,Seasonally adjusted
3.80,,,2018-q1,2018 Q1,K02000001,United Kingdom,worthwhile,Worthwhile,poor,Poor,seasonal-adjustment,Seasonally adjusted
8.90,8.5,9.3,2018-q1,2018 Q1,K02000001,United Kingdom,happiness,Happiness,poor,Poor,non-seasonal-adjustment,Non-seasonally adjusted
33.00,32.3,33.7,2018-q1,2018 Q1,K02000001,United Kingdom,happiness,Happiness,very-good,Very good,non-seasonal-adjustment,Non-seasonally adjusted
7.90,,,2018-q1,2018 Q1,K02000001,United Kingdom,worthwhile,Worthwhile,average-mean,Average (mean),seasonal-adjustment,Seasonally adjusted
29.50,28.8,30.1,2018-q1,2018 Q1,K02000001,United Kingdom,life-satisfaction,Life satisfaction,very-good,Very good,non-seasonal-adjustment,Non-seasonally adjusted
2.90,,,2018-q1,2018 Q1,K02000001,United Kingdom,anxiety,Anxiety,average-mean,Average (mean),seasonal-adjustment,Seasonally adjusted
3.80,3.5,4.0,2018-q1,2018 Q1,K02000001,United Kingdom,worthwhile,Worthwhile,poor,Poor,non-seasonal-adjustment,Non-seasonally adjusted
20.10,19.5,20.6,2018-q1,2018 Q1,K02000001,United Kingdom,anxiety,Anxiety,poor,Poor,non-seasonal-adjustment,Non-seasonally adjusted
7.40,7.4,7.5,2018-q1,2018 Q1,K02000001,United Kingdom,happiness,Happiness,average-mean,Average (mean),non-seasonal-adjustment,Non-seasonally adjusted
17.10,16.5,17.6,2018-q1,2018 Q1,K02000001,United Kingdom,happiness,Happiness,fair,Fair,non-seasonal-adjustment,Non-seasonally adjusted
33.80,,,2018-q1,2018 Q1,K02000001,United Kingdom,happiness,Happiness,very-good,Very good,seasonal-adjustment,Seasonally adjusted
7.70,7.6,7.7,2018-q1,2018 Q1,K02000001,United Kingdom,life-satisfaction,Life satisfaction,average-mean,Average (mean),non-seasonal-adjustment,Non-seasonally adjusted
4.60,4.3,4.9,2018-q1,2018 Q1,K02000001,United Kingdom,life-satisfaction,Life satisfaction,poor,Poor,non-seasonal-adjustment,Non-seasonally adjusted
13.70,13.2,14.2,2018-q1,2018 Q1,K02000001,United Kingdom,life-satisfaction,Life satisfaction,fair,Fair,non-seasonal-adjustment,Non-seasonally adjusted
35.40,34.7,36.1,2018-q1,2018 Q1,K02000001,United Kingdom,worthwhile,Worthwhile,very-good,Very good,non-seasonal-adjustment,Non-seasonally adjusted
41.10,40.4,41.8,2018-q1,2018 Q1,K02000001,United Kingdom,happiness,Happiness,good,Good,non-seasonal-adjustment,Non-seasonally adjusted
4.60,,,2018-q1,2018 Q1,K02000001,United Kingdom,life-satisfaction,Life satisfaction,poor,Poor,seasonal-adjustment,Seasonally adjusted
12.20,,,2018-q1,2018 Q1,K02000001,United Kingdom,worthwhile,Worthwhile,fair,Fair,seasonal-adjustment,Seasonally adjusted
35.80,,,2018-q1,2018 Q1,K02000001,United Kingdom,worthwhile,Worthwhile,very-good,Very good,seasonal-adjustment,Seasonally adjusted
2.90,2.8,2.9,2018-q1,2018 Q1,K02000001,United Kingdom,anxiety,Anxiety,average-mean,Average (mean),non-seasonal-adjustment,Non-seasonally adjusted
13.60,,,2018-q1,2018 Q1,K02000001,United Kingdom,life-satisfaction,Life satisfaction,fair,Fair,seasonal-adjustment,Seasonally adjusted
52.30,,,2018-q1,2018 Q1,K02000001,United Kingdom,life-satisfaction,Life satisfaction,good,Good,seasonal-adjustment,Seasonally adjusted
7.70,,,2018-q1,2018 Q1,K02000001,United Kingdom,life-satisfaction,Life satisfaction,average-mean,Average (mean),seasonal-adjustment,Seasonally adjusted
12.20,11.7,12.7,2018-q1,2018 Q1,K02000001,United Kingdom,worthwhile,Worthwhile,fair,Fair,non-seasonal-adjustment,Non-seasonally adjusted
7.50,,,2018-q1,2018 Q1,K02000001,United Kingdom,happiness,Happiness,average-mean,Average (mean),seasonal-adjustment,Seasonally adjusted
16.60,,,2018-q1,2018 Q1,K02000001,United Kingdom,happiness,Happiness,fair,Fair,seasonal-adjustment,Seasonally adjusted
7.90,7.8,7.9,2018-q1,2018 Q1,K02000001,United Kingdom,worthwhile,Worthwhile,average-mean,Average (mean),non-seasonal-adjustment,Non-seasonally adjusted
52.20,51.5,53.0,2018-q1,2018 Q1,K02000001,United Kingdom,life-satisfaction,Life satisfaction,good,Good,non-seasonal-adjustment,Non-seasonally adjusted
19.70,,,2018-q1,2018 Q1,K02000001,United Kingdom,anxiety,Anxiety,poor,Poor,seasonal-adjustment,Seasonally adjusted
40.90,40.2,41.6,2018-q1,2018 Q1,K02000001,United Kingdom,anxiety,Anxiety,very-good,Very good,non-seasonal-adjustment,Non-seasonally adjusted
15.80,,,2018-q1,2018 Q1,K02000001,United Kingdom,anxiety,Anxiety,fair,Fair,seasonal-adjustment,Seasonally adjusted
40.60,,,2018-q1,2018 Q1,K02000001,United Kingdom,happiness,Happiness,good,Good,seasonal-adjustment,Seasonally adjusted
48.70,,,2018-q1,2018 Q1,K02000001,United Kingdom,worthwhile,Worthwhile,good,Good,seasonal-adjustment,Seasonally adjusted
23.20,22.6,23.8,2018-q1,2018 Q1,K02000001,United Kingdom,anxiety,Anxiety,good,Good,non-seasonal-adjustment,Non-seasonally adjusted
48.70,48.0,49.4,2018-q1,2018 Q1,K02000001,United Kingdom,worthwhile,Worthwhile,good,Good,non-seasonal-adjustment,Non-seasonally adjusted
15.80,15.3,16.4,2018-q1,2018 Q1,K02000001,United Kingdom,anxiety,Anxiety,fair,Fair,non-seasonal-adjustment,Non-seasonally adjusted
3.70,3.4,4.0,2017-q4,2017 Q4,K02000001,United Kingdom,worthwhile,Worthwhile,poor,Poor,non-seasonal-adjustment,Non-seasonally adjusted
35.30,,,2017-q4,2017 Q4,K02000001,United Kingdom,happiness,Happiness,very-good,Very good,seasonal-adjustment,Seasonally adjusted
40.80,40.1,41.5,2017-q4,2017 Q4,K02000001,United Kingdom,happiness,Happiness,good,Good,non-seasonal-adjustment,Non-seasonally adjusted
34.30,33.6,34.9,2017-q4,2017 Q4,K02000001,United Kingdom,happiness,Happiness,very-good,Very good,non-seasonal-adjustment,Non-seasonally adjusted
7.50,7.5,7.5,2017-q4,2017 Q4,K02000001,United Kingdom,happiness,Happiness,average-mean,Average (mean),non-seasonal-adjustment,Non-seasonally adjusted
16.80,16.3,17.4,2017-q4,2017 Q4,K02000001,United Kingdom,happiness,Happiness,fair,Fair,non-seasonal-adjustment,Non-seasonally adjusted
16.60,16.1,17.2,2017-q4,2017 Q4,K02000001,United Kingdom,anxiety,Anxiety,fair,Fair,non-seasonal-adjustment,Non-seasonally adjusted
13.80,,,2017-q4,2017 Q4,K02000001,United Kingdom,life-satisfaction,Life satisfaction,fair,Fair,seasonal-adjustment,Seasonally adjusted
51.80,,,2017-q4,2017 Q4,K02000001,United Kingdom,life-satisfaction,Life satisfaction,good,Good,seasonal-adjustment,Seasonally adjusted
7.90,,,2017-q4,2017 Q4,K02000001,United Kingdom,worthwhile,Worthwhile,average-mean,Average (mean),seasonal-adjustment,Seasonally adjusted
48.90,48.2,49.6,2017-q4,2017 Q4,K02000001,United Kingdom,worthwhile,Worthwhile,good,Good,non-seasonal-adjustment,Non-seasonally adjusted
20.30,19.7,20.8,2017-q4,2017 Q4,K02000001,United Kingdom,anxiety,Anxiety,poor,Poor,non-seasonal-adjustment,Non-seasonally adjusted
16.60,,,2017-q4,2017 Q4,K02000001,United Kingdom,anxiety,Anxiety,fair,Fair,seasonal-adjustment,Seasonally adjusted
7.80,,,2017-q4,2017 Q4,K02000001,United Kingdom,happiness,Happiness,poor,Poor,seasonal-adjustment,Seasonally adjusted
4.40,4.1,4.7,2017-q4,2017 Q4,K02000001,United Kingdom,life-satisfaction,Life satisfaction,poor,Poor,non-seasonal-adjustment,Non-seasonally adjusted
16.40,,,2017-q4,2017 Q4,K02000001,United Kingdom,happiness,Happiness,fair,Fair,seasonal-adjustment,Seasonally adjusted
13.90,13.4,14.4,2017-q4,2017 Q4,K02000001,United Kingdom,life-satisfaction,Life satisfaction,fair,Fair,non-seasonal-adjustment,Non-seasonally adjusted
29.20,28.6,29.9,2017-q4,2017 Q4,K02000001,United Kingdom,life-satisfaction,Life satisfaction,very-good,Very good,non-seasonal-adjustment,Non-seasonally adjusted
35.40,34.7,36.1,2017-q4,2017 Q4,K02000001,United Kingdom,worthwhile,Worthwhile,very-good,Very good,non-seasonal-adjustment,Non-seasonally adjusted
12.00,11.5,12.5,2017-q4,2017 Q4,K02000001,United Kingdom,worthwhile,Worthwhile,fair,Fair,non-seasonal-adjustment,Non-seasonally adjusted
23.00,22.4,23.6,2017-q4,2017 Q4,K02000001,United Kingdom,anxiety,Anxiety,good,Good,non-seasonal-adjustment,Non-seasonally adjusted
23.00,,,2017-q4,2017 Q4,K02000001,United Kingdom,anxiety,Anxiety,good,Good,seasonal-adjustment,Seasonally adjusted
29.80,,,2017-q4,2017 Q4,K02000001,United Kingdom,life-satisfaction,Life satisfaction,very-good,Very good,seasonal-adjustment,Seasonally adjusted
7.70,7.6,7.7,2017-q4,2017 Q4,K02000001,United Kingdom,life-satisfaction,Life satisfaction,average-mean,Average (mean),non-seasonal-adjustment,Non-seasonally adjusted
7.70,,,2017-q4,2017 Q4,K02000001,United Kingdom,life-satisfaction,Life satisfaction,average-mean,Average (mean),seasonal-adjustment,Seasonally adjusted
35.90,,,2017-q4,2017 Q4,K02000001,United Kingdom,worthwhile,Worthwhile,very-good,Very good,seasonal-adjustment,Seasonally adjusted
7.90,7.8,7.9,2017-q4,2017 Q4,K02000001,United Kingdom,worthwhile,Worthwhile,average-mean,Average (mean),non-seasonal-adjustment,Non-seasonally adjusted
8.10,7.7,8.5,2017-q4,2017 Q4,K02000001,United Kingdom,happiness,Happiness,poor,Poor,non-seasonal-adjustment,Non-seasonally adjusted
2.90,,,2017-q4,2017 Q4,K02000001,United Kingdom,anxiety,Anxiety,average-mean,Average (mean),seasonal-adjustment,Seasonally adjusted
40.80,,,2017-q4,2017 Q4,K02000001,United Kingdom,anxiety,Anxiety,very-good,Very good,seasonal-adjustment,Seasonally adjusted
7.50,,,2017-q4,2017 Q4,K02000001,United Kingdom,happiness,Happiness,average-mean,Average (mean),seasonal-adjustment,Seasonally adjusted
20.00,,,2017-q4,2017 Q4,K02000001,United Kingdom,anxiety,Anxiety,poor,Poor,seasonal-adjustment,Seasonally adjusted
40.50,,,2017-q4,2017 Q4,K02000001,United Kingdom,happiness,Happiness,good,Good,seasonal-adjustment,Seasonally adjusted
2.90,2.9,3.0,2017-q4,2017 Q4,K02000001,United Kingdom,anxiety,Anxiety,average-mean,Average (mean),non-seasonal-adjustment,Non-seasonally adjusted
40.10,39.4,40.8,2017-q4,2017 Q4,K02000001,United Kingdom,anxiety,Anxiety,very-good,Very good,non-seasonal-adjustment,Non-seasonally adjusted
12.00,,,2017-q4,2017 Q4,K02000001,United Kingdom,worthwhile,Worthwhile,fair,Fair,seasonal-adjustment,Seasonally adjusted
4.40,,,2017-q4,2017 Q4,K02000001,United Kingdom,life-satisfaction,Life satisfaction,poor,Poor,seasonal-adjustment,Seasonally adjusted
3.70,,,2017-q4,2017 Q4,K02000001,United Kingdom,worthwhile,Worthwhile,poor,Poor,seasonal-adjustment,Seasonally adjusted
52.50,51.8,53.2,2017-q4,2017 Q4,K02000001,United Kingdom,life-satisfaction,Life satisfaction,good,Good,non-seasonal-adjustment,Non-seasonally adjusted
48.90,,,2017-q4,2017 Q4,K02000001,United Kingdom,worthwhile,Worthwhile,good,Good,seasonal-adjustment,Seasonally adjusted
30.50,,,2012-q2,2012 Q2,K02000001,United Kingdom,worthwhile,Worthwhile,very-good,Very good,seasonal-adjustment,Seasonally adjusted
30.80,30.2,31.4,2012-q2,2012 Q2,K02000001,United Kingdom,worthwhile,Worthwhile,very-good,Very good,non-seasonal-adjustment,Non-seasonally adjusted
4.30,,,2012-q2,2012 Q2,K02000001,United Kingdom,worthwhile,Worthwhile,poor,Poor,seasonal-adjustment,Seasonally adjusted
3.10,3.0,3.1,2012-q2,2012 Q2,K02000001,United Kingdom,anxiety,Anxiety,average-mean,Average (mean),non-seasonal-adjustment,Non-seasonally adjusted
23.60,23.1,24.2,2012-q2,2012 Q2,K02000001,United Kingdom,anxiety,Anxiety,good,Good,non-seasonal-adjustment,Non-seasonally adjusted
25.30,24.7,25.9,2012-q2,2012 Q2,K02000001,United Kingdom,life-satisfaction,Life satisfaction,very-good,Very good,non-seasonal-adjustment,Non-seasonally adjusted
51.20,50.5,51.8,2012-q2,2012 Q2,K02000001,United Kingdom,life-satisfaction,Life satisfaction,good,Good,non-seasonal-adjustment,Non-seasonally adjusted
7.70,,,2012-q2,2012 Q2,K02000001,United Kingdom,worthwhile,Worthwhile,average-mean,Average (mean),seasonal-adjustment,Seasonally adjusted
7.30,7.2,7.3,2012-q2,2012 Q2,K02000001,United Kingdom,happiness,Happiness,average-mean,Average (mean),non-seasonal-adjustment,Non-seasonally adjusted
10.70,10.2,11.1,2012-q2,2012 Q2,K02000001,United Kingdom,happiness,Happiness,poor,Poor,non-seasonal-adjustment,Non-seasonally adjusted
17.80,,,2012-q2,2012 Q2,K02000001,United Kingdom,anxiety,Anxiety,fair,Fair,seasonal-adjustment,Seasonally adjusted
19.00,,,2012-q2,2012 Q2,K02000001,United Kingdom,happiness,Happiness,fair,Fair,seasonal-adjustment,Seasonally adjusted
18.30,17.8,18.8,2012-q2,2012 Q2,K02000001,United Kingdom,happiness,Happiness,fair,Fair,non-seasonal-adjustment,Non-seasonally adjusted
40.30,39.6,40.9,2012-q2,2012 Q2,K02000001,United Kingdom,happiness,Happiness,good,Good,non-seasonal-adjustment,Non-seasonally adjusted
49.50,,,2012-q2,2012 Q2,K02000001,United Kingdom,worthwhile,Worthwhile,good,Good,seasonal-adjustment,Seasonally adjusted
21.40,,,2012-q2,2012 Q2,K02000001,United Kingdom,anxiety,Anxiety,poor,Poor,seasonal-adjustment,Seasonally adjusted
4.30,4.1,4.6,2012-q2,2012 Q2,K02000001,United Kingdom,worthwhile,Worthwhile,poor,Poor,non-seasonal-adjustment,Non-seasonally adjusted
7.40,7.4,7.4,2012-q2,2012 Q2,K02000001,United Kingdom,life-satisfaction,Life satisfaction,average-mean,Average (mean),non-seasonal-adjustment,Non-seasonally adjusted
17.60,17.1,18.1,2012-q2,2012 Q2,K02000001,United Kingdom,life-satisfaction,Life satisfaction,fair,Fair,non-seasonal-adjustment,Non-seasonally adjusted
5.90,,,2012-q2,2012 Q2,K02000001,United Kingdom,life-satisfaction,Life satisfaction,poor,Poor,seasonal-adjustment,Seasonally adjusted
10.90,,,2012-q2,2012 Q2,K02000001,United Kingdom,happiness,Happiness,poor,Poor,seasonal-adjustment,Seasonally adjusted
7.40,,,2012-q2,2012 Q2,K02000001,United Kingdom,life-satisfaction,Life satisfaction,average-mean,Average (mean),seasonal-adjustment,Seasonally adjusted
24.90,,,2012-q2,2012 Q2,K02000001,United Kingdom,life-satisfaction,Life satisfaction,very-good,Very good,seasonal-adjustment,Seasonally adjusted
51.40,,,2012-q2,2012 Q2,K02000001,United Kingdom,life-satisfaction,Life satisfaction,good,Good,seasonal-adjustment,Seasonally adjusted
29.40,,,2012-q2,2012 Q2,K02000001,United Kingdom,happiness,Happiness,very-good,Very good,seasonal-adjustment,Seasonally adjusted
3.10,,,2012-q2,2012 Q2,K02000001,United Kingdom,anxiety,Anxiety,average-mean,Average (mean),seasonal-adjustment,Seasonally adjusted
17.80,,,2012-q2,2012 Q2,K02000001,United Kingdom,life-satisfaction,Life satisfaction,fair,Fair,seasonal-adjustment,Seasonally adjusted
7.20,,,2012-q2,2012 Q2,K02000001,United Kingdom,happiness,Happiness,average-mean,Average (mean),seasonal-adjustment,Seasonally adjusted
49.50,48.9,50.2,2012-q2,2012 Q2,K02000001,United Kingdom,worthwhile,Worthwhile,good,Good,non-seasonal-adjustment,Non-seasonally adjusted
37.10,,,2012-q2,2012 Q2,K02000001,United Kingdom,anxiety,Anxiety,very-good,Very good,seasonal-adjustment,Seasonally adjusted
7.70,7.6,7.7,2012-q2,2012 Q2,K02000001,United Kingdom,worthwhile,Worthwhile,average-mean,Average (mean),non-seasonal-adjustment,Non-seasonally adjusted
15.40,14.9,15.8,2012-q2,2012 Q2,K02000001,United Kingdom,worthwhile,Worthwhile,fair,Fair,non-seasonal-adjustment,Non-seasonally adjusted
21.30,20.8,21.8,2012-q2,2012 Q2,K02000001,United Kingdom,anxiety,Anxiety,poor,Poor,non-seasonal-adjustment,Non-seasonally adjusted
17.80,17.3,18.3,2012-q2,2012 Q2,K02000001,United Kingdom,anxiety,Anxiety,fair,Fair,non-seasonal-adjustment,Non-seasonally adjusted
40.50,,,2012-q2,2012 Q2,K02000001,United Kingdom,happiness,Happiness,good,Good,seasonal-adjustment,Seasonally adjusted
5.90,5.7,6.2,2012-q2,2012 Q2,K02000001,United Kingdom,life-satisfaction,Life satisfaction,poor,Poor,non-seasonal-adjustment,Non-seasonally adjusted
15.40,,,2012-q2,2012 Q2,K02000001,United Kingdom,worthwhile,Worthwhile,fair,Fair,seasonal-adjustment,Seasonally adjusted
30.70,30.1,31.4,2012-q2,2012 Q2,K02000001,United Kingdom,happiness,Happiness,very-good,Very good,non-seasonal-adjustment,Non-seasonally adjusted
37.20,36.6,37.9,2012-q2,2012 Q2,K02000001,United Kingdom,anxiety,Anxiety,very-good,Very good,non-seasonal-adjustment,Non-seasonally adjusted
23.60,,,2012-q2,2012 Q2,K02000001,United Kingdom,anxiety,Anxiety,good,Good,seasonal-adjustment,Seasonally adjusted
7.90,7.8,7.9,2016-q2,2016 Q2,K02000001,United Kingdom,worthwhile,Worthwhile,average-mean,Average (mean),non-seasonal-adjustment,Non-seasonally adjusted
7.50,,,2016-q2,2016 Q2,K02000001,United Kingdom,happiness,Happiness,average-mean,Average (mean),seasonal-adjustment,Seasonally adjusted
40.70,,,2016-q2,2016 Q2,K02000001,United Kingdom,happiness,Happiness,good,Good,seasonal-adjustment,Seasonally adjusted
7.50,7.5,7.5,2016-q2,2016 Q2,K02000001,United Kingdom,happiness,Happiness,average-mean,Average (mean),non-seasonal-adjustment,Non-seasonally adjusted
19.80,19.3,20.4,2016-q2,2016 Q2,K02000001,United Kingdom,anxiety,Anxiety,poor,Poor,non-seasonal-adjustment,Non-seasonally adjusted
34.30,,,2016-q2,2016 Q2,K02000001,United Kingdom,worthwhile,Worthwhile,very-good,Very good,seasonal-adjustment,Seasonally adjusted
40.30,39.6,41.0,2016-q2,2016 Q2,K02000001,United Kingdom,anxiety,Anxiety,very-good,Very good,non-seasonal-adjustment,Non-seasonally adjusted
16.70,,,2016-q2,2016 Q2,K02000001,United Kingdom,anxiety,Anxiety,fair,Fair,seasonal-adjustment,Seasonally adjusted
33.50,,,2016-q2,2016 Q2,K02000001,United Kingdom,happiness,Happiness,very-good,Very good,seasonal-adjustment,Seasonally adjusted
23.10,22.6,23.7,2016-q2,2016 Q2,K02000001,United Kingdom,anxiety,Anxiety,good,Good,non-seasonal-adjustment,Non-seasonally adjusted
16.70,16.2,17.2,2016-q2,2016 Q2,K02000001,United Kingdom,anxiety,Anxiety,fair,Fair,non-seasonal-adjustment,Non-seasonally adjusted
7.80,,,2016-q2,2016 Q2,K02000001,United Kingdom,worthwhile,Worthwhile,average-mean,Average (mean),seasonal-adjustment,Seasonally adjusted
52.20,51.5,52.9,2016-q2,2016 Q2,K02000001,United Kingdom,life-satisfaction,Life satisfaction,good,Good,non-seasonal-adjustment,Non-seasonally adjusted
29.80,29.1,30.5,2016-q2,2016 Q2,K02000001,United Kingdom,life-satisfaction,Life satisfaction,very-good,Very good,non-seasonal-adjustment,Non-seasonally adjusted
8.60,8.2,9.0,2016-q2,2016 Q2,K02000001,United Kingdom,happiness,Happiness,poor,Poor,non-seasonal-adjustment,Non-seasonally adjusted
12.10,11.6,12.5,2016-q2,2016 Q2,K02000001,United Kingdom,worthwhile,Worthwhile,fair,Fair,non-seasonal-adjustment,Non-seasonally adjusted
13.60,13.2,14.1,2016-q2,2016 Q2,K02000001,United Kingdom,life-satisfaction,Life satisfaction,fair,Fair,non-seasonal-adjustment,Non-seasonally adjusted
3.50,3.2,3.7,2016-q2,2016 Q2,K02000001,United Kingdom,worthwhile,Worthwhile,poor,Poor,non-seasonal-adjustment,Non-seasonally adjusted
16.20,15.7,16.7,2016-q2,2016 Q2,K02000001,United Kingdom,happiness,Happiness,fair,Fair,non-seasonal-adjustment,Non-seasonally adjusted
2.90,2.9,2.9,2016-q2,2016 Q2,K02000001,United Kingdom,anxiety,Anxiety,average-mean,Average (mean),non-seasonal-adjustment,Non-seasonally adjusted
20.00,,,2016-q2,2016 Q2,K02000001,United Kingdom,anxiety,Anxiety,poor,Poor,seasonal-adjustment,Seasonally adjusted
8.90,,,2016-q2,2016 Q2,K02000001,United Kingdom,happiness,Happiness,poor,Poor,seasonal-adjustment,Seasonally adjusted
29.10,,,2016-q2,2016 Q2,K02000001,United Kingdom,life-satisfaction,Life satisfaction,very-good,Very good,seasonal-adjustment,Seasonally adjusted
13.90,,,2016-q2,2016 Q2,K02000001,United Kingdom,life-satisfaction,Life satisfaction,fair,Fair,seasonal-adjustment,Seasonally adjusted
4.40,4.1,4.7,2016-q2,2016 Q2,K02000001,United Kingdom,life-satisfaction,Life satisfaction,poor,Poor,non-seasonal-adjustment,Non-seasonally adjusted
2.90,,,2016-q2,2016 Q2,K02000001,United Kingdom,anxiety,Anxiety,average-mean,Average (mean),seasonal-adjustment,Seasonally adjusted
39.90,,,2016-q2,2016 Q2,K02000001,United Kingdom,anxiety,Anxiety,very-good,Very good,seasonal-adjustment,Seasonally adjusted
7.70,7.7,7.7,2016-q2,2016 Q2,K02000001,United Kingdom,life-satisfaction,Life satisfaction,average-mean,Average (mean),non-seasonal-adjustment,Non-seasonally adjusted
16.90,,,2016-q2,2016 Q2,K02000001,United Kingdom,happiness,Happiness,fair,Fair,seasonal-adjustment,Seasonally adjusted
34.80,34.1,35.5,2016-q2,2016 Q2,K02000001,United Kingdom,worthwhile,Worthwhile,very-good,Very good,non-seasonal-adjustment,Non-seasonally adjusted
23.10,,,2016-q2,2016 Q2,K02000001,United Kingdom,anxiety,Anxiety,good,Good,seasonal-adjustment,Seasonally adjusted
7.70,,,2016-q2,2016 Q2,K02000001,United Kingdom,life-satisfaction,Life satisfaction,average-mean,Average (mean),seasonal-adjustment,Seasonally adjusted
52.40,,,2016-q2,2016 Q2,K02000001,United Kingdom,life-satisfaction,Life satisfaction,good,Good,seasonal-adjustment,Seasonally adjusted
3.50,,,2016-q2,2016 Q2,K02000001,United Kingdom,worthwhile,Worthwhile,poor,Poor,seasonal-adjustment,Seasonally adjusted
12.10,,,2016-q2,2016 Q2,K02000001,United Kingdom,worthwhile,Worthwhile,fair,Fair,seasonal-adjustment,Seasonally adjusted
49.70,,,2016-q2,2016 Q2,K02000001,United Kingdom,worthwhile,Worthwhile,good,Good,seasonal-adjustment,Seasonally adjusted
4.40,,,2016-q2,2016 Q2,K02000001,United Kingdom,life-satisfaction,Life satisfaction,poor,Poor,seasonal-adjustment,Seasonally adjusted
40.40,39.7,41.0,2016-q2,2016 Q2,K02000001,United Kingdom,happiness,Happiness,good,Good,non-seasonal-adjustment,Non-seasonally adjusted
34.80,34.2,35.5,2016-q2,2016 Q2,K02000001,United Kingdom,happiness,Happiness,very-good,Very good,non-seasonal-adjustment,Non-seasonally adjusted
49.70,49.0,50.4,2016-q2,2016 Q2,K02000001,United Kingdom,worthwhile,Worthwhile,good,Good,non-seasonal-adjustment,Non-seasonally adjusted
